test_name,category,cwe,expected_vulnerable,supported_category,predicted_categories,predicted_for_expected_category,outcome
BenchmarkTest00001,pathtraver,22,True,True,,False,FN
BenchmarkTest00002,pathtraver,22,True,True,,False,FN
BenchmarkTest00003,hash,328,True,False,,False,FN
BenchmarkTest00004,trustbound,501,True,False,,False,FN
BenchmarkTest00005,crypto,327,True,False,,False,FN
BenchmarkTest00006,cmdi,78,True,True,,False,FN
BenchmarkTest00007,cmdi,78,True,True,,False,FN
BenchmarkTest00008,sqli,89,True,True,,False,FN
BenchmarkTest00009,hash,328,False,False,,False,TN
BenchmarkTest00010,weakrand,330,False,False,,False,TN
BenchmarkTest00011,pathtraver,22,True,True,,False,FN
BenchmarkTest00012,ldapi,90,True,False,,False,FN
BenchmarkTest00013,xss,79,True,True,,False,FN
BenchmarkTest00014,xss,79,True,True,,False,FN
BenchmarkTest00015,cmdi,78,True,True,,False,FN
BenchmarkTest00016,securecookie,614,False,False,,False,TN
BenchmarkTest00017,cmdi,78,True,True,,False,FN
BenchmarkTest00018,sqli,89,True,True,,False,FN
BenchmarkTest00019,crypto,327,True,False,,False,FN
BenchmarkTest00020,crypto,327,True,False,,False,FN
BenchmarkTest00021,ldapi,90,True,False,,False,FN
BenchmarkTest00022,hash,328,False,False,,False,TN
BenchmarkTest00023,weakrand,330,True,False,,False,FN
BenchmarkTest00024,sqli,89,True,True,,False,FN
BenchmarkTest00025,sqli,89,True,True,,False,FN
BenchmarkTest00026,sqli,89,True,True,,False,FN
BenchmarkTest00027,sqli,89,True,True,,False,FN
BenchmarkTest00028,pathtraver,22,True,True,,False,FN
BenchmarkTest00029,hash,328,True,False,,False,FN
BenchmarkTest00030,xss,79,True,True,,False,FN
BenchmarkTest00031,trustbound,501,True,False,,False,FN
BenchmarkTest00032,sqli,89,True,True,,False,FN
BenchmarkTest00033,sqli,89,True,True,,False,FN
BenchmarkTest00034,sqli,89,True,True,,False,FN
BenchmarkTest00035,crypto,327,True,False,,False,FN
BenchmarkTest00036,xss,79,True,True,,False,FN
BenchmarkTest00037,sqli,89,True,True,,False,FN
BenchmarkTest00038,sqli,89,True,True,,False,FN
BenchmarkTest00039,sqli,89,True,True,,False,FN
BenchmarkTest00040,pathtraver,22,True,True,,False,FN
BenchmarkTest00041,xss,79,True,True,,False,FN
BenchmarkTest00042,weakrand,330,False,False,,False,TN
BenchmarkTest00043,sqli,89,True,True,,False,FN
BenchmarkTest00044,ldapi,90,True,False,,False,FN
BenchmarkTest00045,pathtraver,22,True,True,,False,FN
BenchmarkTest00046,hash,328,True,False,,False,FN
BenchmarkTest00047,xss,79,True,True,xss,True,TP
BenchmarkTest00048,xss,79,True,True,xss,True,TP
BenchmarkTest00049,xss,79,True,True,xss,True,TP
BenchmarkTest00050,crypto,327,True,False,,False,FN
BenchmarkTest00051,cmdi,78,False,True,,False,TN
BenchmarkTest00052,sqli,89,False,True,,False,TN
BenchmarkTest00053,crypto,327,True,False,,False,FN
BenchmarkTest00054,crypto,327,False,False,,False,TN
BenchmarkTest00055,crypto,327,True,False,,False,FN
BenchmarkTest00056,crypto,327,True,False,,False,FN
BenchmarkTest00057,crypto,327,True,False,,False,FN
BenchmarkTest00058,crypto,327,False,False,,False,TN
BenchmarkTest00059,crypto,327,False,False,,False,TN
BenchmarkTest00060,pathtraver,22,True,True,,False,FN
BenchmarkTest00061,pathtraver,22,True,True,,False,FN
BenchmarkTest00062,pathtraver,22,True,True,,False,FN
BenchmarkTest00063,pathtraver,22,False,True,,False,TN
BenchmarkTest00064,pathtraver,22,False,True,,False,TN
BenchmarkTest00065,pathtraver,22,True,True,,False,FN
BenchmarkTest00066,weakrand,330,True,False,,False,FN
BenchmarkTest00067,weakrand,330,True,False,,False,FN
BenchmarkTest00068,weakrand,330,True,False,,False,FN
BenchmarkTest00069,hash,328,False,False,,False,TN
BenchmarkTest00070,hash,328,True,False,,False,FN
BenchmarkTest00071,hash,328,True,False,,False,FN
BenchmarkTest00072,hash,328,False,False,,False,TN
BenchmarkTest00073,hash,328,True,False,,False,FN
BenchmarkTest00074,hash,328,True,False,,False,FN
BenchmarkTest00075,hash,328,False,False,,False,TN
BenchmarkTest00076,hash,328,False,False,,False,TN
BenchmarkTest00077,cmdi,78,True,True,,False,FN
BenchmarkTest00078,weakrand,330,True,False,,False,FN
BenchmarkTest00079,weakrand,330,True,False,,False,FN
BenchmarkTest00080,weakrand,330,True,False,,False,FN
BenchmarkTest00081,weakrand,330,True,False,,False,FN
BenchmarkTest00082,weakrand,330,True,False,,False,FN
BenchmarkTest00083,weakrand,330,True,False,,False,FN
BenchmarkTest00084,weakrand,330,True,False,,False,FN
BenchmarkTest00085,weakrand,330,True,False,,False,FN
BenchmarkTest00086,weakrand,330,True,False,,False,FN
BenchmarkTest00087,securecookie,614,True,False,,False,FN
BenchmarkTest00088,securecookie,614,False,False,,False,TN
BenchmarkTest00089,securecookie,614,False,False,,False,TN
BenchmarkTest00090,cmdi,78,False,True,,False,TN
BenchmarkTest00091,cmdi,78,True,True,,False,FN
BenchmarkTest00092,cmdi,78,True,True,,False,FN
BenchmarkTest00093,cmdi,78,False,True,,False,TN
BenchmarkTest00094,weakrand,330,False,False,,False,TN
BenchmarkTest00095,weakrand,330,False,False,,False,TN
BenchmarkTest00096,weakrand,330,False,False,,False,TN
BenchmarkTest00097,trustbound,501,False,False,,False,TN
BenchmarkTest00098,trustbound,501,True,False,,False,FN
BenchmarkTest00099,trustbound,501,False,False,,False,TN
BenchmarkTest00100,sqli,89,True,True,,False,FN
BenchmarkTest00101,sqli,89,True,True,,False,FN
BenchmarkTest00102,sqli,89,True,True,,False,FN
BenchmarkTest00103,sqli,89,True,True,,False,FN
BenchmarkTest00104,sqli,89,False,True,,False,TN
BenchmarkTest00105,sqli,89,False,True,,False,TN
BenchmarkTest00106,sqli,89,True,True,,False,FN
BenchmarkTest00107,sqli,89,False,True,,False,TN
BenchmarkTest00108,sqli,89,True,True,,False,FN
BenchmarkTest00109,sqli,89,True,True,,False,FN
BenchmarkTest00110,sqli,89,False,True,,False,TN
BenchmarkTest00111,sqli,89,True,True,,False,FN
BenchmarkTest00112,sqli,89,True,True,,False,FN
BenchmarkTest00113,sqli,89,False,True,,False,TN
BenchmarkTest00114,sqli,89,False,True,,False,TN
BenchmarkTest00115,sqli,89,True,True,,False,FN
BenchmarkTest00116,xpathi,643,False,False,,False,TN
BenchmarkTest00117,xpathi,643,False,False,,False,TN
BenchmarkTest00118,xpathi,643,False,False,,False,TN
BenchmarkTest00119,crypto,327,True,False,,False,FN
BenchmarkTest00120,crypto,327,True,False,,False,FN
BenchmarkTest00121,crypto,327,False,False,,False,TN
BenchmarkTest00122,crypto,327,False,False,,False,TN
BenchmarkTest00123,crypto,327,True,False,,False,FN
BenchmarkTest00124,crypto,327,True,False,,False,FN
BenchmarkTest00125,crypto,327,True,False,,False,FN
BenchmarkTest00126,crypto,327,False,False,,False,TN
BenchmarkTest00127,crypto,327,False,False,,False,TN
BenchmarkTest00128,crypto,327,False,False,,False,TN
BenchmarkTest00129,crypto,327,False,False,,False,TN
BenchmarkTest00130,crypto,327,False,False,,False,TN
BenchmarkTest00131,pathtraver,22,False,True,,False,TN
BenchmarkTest00132,pathtraver,22,False,True,,False,TN
BenchmarkTest00133,pathtraver,22,True,True,,False,FN
BenchmarkTest00134,pathtraver,22,False,True,,False,TN
BenchmarkTest00135,pathtraver,22,False,True,,False,TN
BenchmarkTest00136,pathtraver,22,False,True,,False,TN
BenchmarkTest00137,pathtraver,22,False,True,,False,TN
BenchmarkTest00138,ldapi,90,False,False,,False,TN
BenchmarkTest00139,ldapi,90,False,False,,False,TN
BenchmarkTest00140,weakrand,330,True,False,,False,FN
BenchmarkTest00141,hash,328,True,False,,False,FN
BenchmarkTest00142,hash,328,False,False,,False,TN
BenchmarkTest00143,hash,328,True,False,,False,FN
BenchmarkTest00144,xss,79,True,True,,False,FN
BenchmarkTest00145,xss,79,True,True,,False,FN
BenchmarkTest00146,xss,79,True,True,,False,FN
BenchmarkTest00147,xss,79,False,True,,False,TN
BenchmarkTest00148,xss,79,True,True,,False,FN
BenchmarkTest00149,xss,79,True,True,,False,FN
BenchmarkTest00150,xss,79,True,True,,False,FN
BenchmarkTest00151,xss,79,False,True,,False,TN
BenchmarkTest00152,xss,79,True,True,,False,FN
BenchmarkTest00153,xss,79,True,True,,False,FN
BenchmarkTest00154,xss,79,True,True,,False,FN
BenchmarkTest00155,xss,79,True,True,,False,FN
BenchmarkTest00156,xss,79,True,True,,False,FN
BenchmarkTest00157,xss,79,True,True,,False,FN
BenchmarkTest00158,cmdi,78,False,True,,False,TN
BenchmarkTest00159,cmdi,78,True,True,,False,FN
BenchmarkTest00160,weakrand,330,True,False,,False,FN
BenchmarkTest00161,weakrand,330,True,False,,False,FN
BenchmarkTest00162,weakrand,330,True,False,,False,FN
BenchmarkTest00163,weakrand,330,True,False,,False,FN
BenchmarkTest00164,weakrand,330,True,False,,False,FN
BenchmarkTest00165,weakrand,330,True,False,,False,FN
BenchmarkTest00166,weakrand,330,True,False,,False,FN
BenchmarkTest00167,weakrand,330,True,False,,False,FN
BenchmarkTest00168,weakrand,330,True,False,,False,FN
BenchmarkTest00169,securecookie,614,True,False,,False,FN
BenchmarkTest00170,securecookie,614,True,False,,False,FN
BenchmarkTest00171,cmdi,78,False,True,,False,TN
BenchmarkTest00172,cmdi,78,True,True,,False,FN
BenchmarkTest00173,cmdi,78,True,True,,False,FN
BenchmarkTest00174,cmdi,78,True,True,,False,FN
BenchmarkTest00175,cmdi,78,False,True,,False,TN
BenchmarkTest00176,cmdi,78,True,True,,False,FN
BenchmarkTest00177,cmdi,78,False,True,,False,TN
BenchmarkTest00178,weakrand,330,False,False,,False,TN
BenchmarkTest00179,weakrand,330,False,False,,False,TN
BenchmarkTest00180,weakrand,330,False,False,,False,TN
BenchmarkTest00181,weakrand,330,False,False,,False,TN
BenchmarkTest00182,weakrand,330,False,False,,False,TN
BenchmarkTest00183,weakrand,330,False,False,,False,TN
BenchmarkTest00184,weakrand,330,False,False,,False,TN
BenchmarkTest00185,weakrand,330,False,False,,False,TN
BenchmarkTest00186,weakrand,330,False,False,,False,TN
BenchmarkTest00187,weakrand,330,False,False,,False,TN
BenchmarkTest00188,weakrand,330,False,False,,False,TN
BenchmarkTest00189,trustbound,501,False,False,,False,TN
BenchmarkTest00190,sqli,89,False,True,,False,TN
BenchmarkTest00191,sqli,89,False,True,,False,TN
BenchmarkTest00192,sqli,89,True,True,,False,FN
BenchmarkTest00193,sqli,89,True,True,,False,FN
BenchmarkTest00194,sqli,89,True,True,,False,FN
BenchmarkTest00195,sqli,89,True,True,,False,FN
BenchmarkTest00196,sqli,89,True,True,,False,FN
BenchmarkTest00197,sqli,89,False,True,,False,TN
BenchmarkTest00198,sqli,89,True,True,,False,FN
BenchmarkTest00199,sqli,89,True,True,,False,FN
BenchmarkTest00200,sqli,89,False,True,,False,TN
BenchmarkTest00201,sqli,89,False,True,,False,TN
BenchmarkTest00202,sqli,89,False,True,,False,TN
BenchmarkTest00203,sqli,89,True,True,,False,FN
BenchmarkTest00204,sqli,89,True,True,,False,FN
BenchmarkTest00205,sqli,89,False,True,,False,TN
BenchmarkTest00206,sqli,89,False,True,,False,TN
BenchmarkTest00207,xpathi,643,True,False,,False,FN
BenchmarkTest00208,crypto,327,True,False,,False,FN
BenchmarkTest00209,crypto,327,False,False,,False,TN
BenchmarkTest00210,crypto,327,True,False,,False,FN
BenchmarkTest00211,crypto,327,False,False,,False,TN
BenchmarkTest00212,crypto,327,False,False,,False,TN
BenchmarkTest00213,crypto,327,False,False,,False,TN
BenchmarkTest00214,crypto,327,False,False,,False,TN
BenchmarkTest00215,pathtraver,22,True,True,,False,FN
BenchmarkTest00216,pathtraver,22,True,True,,False,FN
BenchmarkTest00217,pathtraver,22,False,True,,False,TN
BenchmarkTest00218,pathtraver,22,True,True,,False,FN
BenchmarkTest00219,pathtraver,22,True,True,,False,FN
BenchmarkTest00220,pathtraver,22,False,True,,False,TN
BenchmarkTest00221,pathtraver,22,False,True,,False,TN
BenchmarkTest00222,pathtraver,22,True,True,,False,FN
BenchmarkTest00223,hash,328,True,False,,False,FN
BenchmarkTest00224,hash,328,False,False,,False,TN
BenchmarkTest00225,hash,328,False,False,,False,TN
BenchmarkTest00226,hash,328,True,False,,False,FN
BenchmarkTest00227,hash,328,True,False,,False,FN
BenchmarkTest00228,hash,328,False,False,,False,TN
BenchmarkTest00229,hash,328,False,False,,False,TN
BenchmarkTest00230,weakrand,330,True,False,,False,FN
BenchmarkTest00231,weakrand,330,True,False,,False,FN
BenchmarkTest00232,weakrand,330,True,False,,False,FN
BenchmarkTest00233,weakrand,330,True,False,,False,FN
BenchmarkTest00234,weakrand,330,True,False,,False,FN
BenchmarkTest00235,weakrand,330,True,False,,False,FN
BenchmarkTest00236,weakrand,330,True,False,,False,FN
BenchmarkTest00237,weakrand,330,True,False,,False,FN
BenchmarkTest00238,weakrand,330,True,False,,False,FN
BenchmarkTest00239,weakrand,330,True,False,,False,FN
BenchmarkTest00240,weakrand,330,True,False,,False,FN
BenchmarkTest00241,securecookie,614,True,False,,False,FN
BenchmarkTest00242,securecookie,614,False,False,,False,TN
BenchmarkTest00243,weakrand,330,False,False,,False,TN
BenchmarkTest00244,weakrand,330,False,False,,False,TN
BenchmarkTest00245,weakrand,330,False,False,,False,TN
BenchmarkTest00246,weakrand,330,False,False,,False,TN
BenchmarkTest00247,weakrand,330,False,False,,False,TN
BenchmarkTest00248,weakrand,330,False,False,,False,TN
BenchmarkTest00249,weakrand,330,False,False,,False,TN
BenchmarkTest00250,trustbound,501,False,False,,False,TN
BenchmarkTest00251,trustbound,501,True,False,,False,FN
BenchmarkTest00252,trustbound,501,False,False,,False,TN
BenchmarkTest00253,trustbound,501,False,False,,False,TN
BenchmarkTest00254,crypto,327,True,False,,False,FN
BenchmarkTest00255,crypto,327,False,False,,False,TN
BenchmarkTest00256,crypto,327,True,False,,False,FN
BenchmarkTest00257,crypto,327,True,False,,False,FN
BenchmarkTest00258,crypto,327,True,False,,False,FN
BenchmarkTest00259,crypto,327,False,False,,False,TN
BenchmarkTest00260,crypto,327,False,False,,False,TN
BenchmarkTest00261,pathtraver,22,False,True,,False,TN
BenchmarkTest00262,pathtraver,22,True,True,,False,FN
BenchmarkTest00263,pathtraver,22,False,True,,False,TN
BenchmarkTest00264,pathtraver,22,True,True,,False,FN
BenchmarkTest00265,pathtraver,22,False,True,,False,TN
BenchmarkTest00266,hash,328,True,False,,False,FN
BenchmarkTest00267,hash,328,True,False,,False,FN
BenchmarkTest00268,hash,328,True,False,,False,FN
BenchmarkTest00269,hash,328,True,False,,False,FN
BenchmarkTest00270,hash,328,False,False,,False,TN
BenchmarkTest00271,hash,328,False,False,,False,TN
BenchmarkTest00272,hash,328,True,False,,False,FN
BenchmarkTest00273,hash,328,True,False,,False,FN
BenchmarkTest00274,hash,328,True,False,,False,FN
BenchmarkTest00275,xss,79,False,True,,False,TN
BenchmarkTest00276,xss,79,True,True,,False,FN
BenchmarkTest00277,xss,79,False,True,,False,TN
BenchmarkTest00278,xss,79,False,True,,False,TN
BenchmarkTest00279,xss,79,True,True,,False,FN
BenchmarkTest00280,xss,79,True,True,,False,FN
BenchmarkTest00281,xss,79,False,True,,False,TN
BenchmarkTest00282,xss,79,False,True,,False,TN
BenchmarkTest00283,xss,79,False,True,,False,TN
BenchmarkTest00284,xss,79,True,True,,False,FN
BenchmarkTest00285,xss,79,False,True,,False,TN
BenchmarkTest00286,xss,79,False,True,,False,TN
BenchmarkTest00287,xss,79,True,True,,False,FN
BenchmarkTest00288,xss,79,False,True,,False,TN
BenchmarkTest00289,xss,79,False,True,,False,TN
BenchmarkTest00290,xss,79,True,True,,False,FN
BenchmarkTest00291,xss,79,True,True,,False,FN
BenchmarkTest00292,xss,79,True,True,,False,FN
BenchmarkTest00293,cmdi,78,True,True,,False,FN
BenchmarkTest00294,cmdi,78,True,True,,False,FN
BenchmarkTest00295,cmdi,78,True,True,,False,FN
BenchmarkTest00296,weakrand,330,True,False,,False,FN
BenchmarkTest00297,weakrand,330,True,False,,False,FN
BenchmarkTest00298,weakrand,330,True,False,,False,FN
BenchmarkTest00299,weakrand,330,True,False,,False,FN
BenchmarkTest00300,securecookie,614,True,False,,False,FN
BenchmarkTest00301,xss,79,True,True,,False,FN
BenchmarkTest00302,cmdi,78,True,True,,False,FN
BenchmarkTest00303,cmdi,78,True,True,,False,FN
BenchmarkTest00304,cmdi,78,True,True,,False,FN
BenchmarkTest00305,cmdi,78,False,True,,False,TN
BenchmarkTest00306,cmdi,78,True,True,,False,FN
BenchmarkTest00307,cmdi,78,False,True,,False,TN
BenchmarkTest00308,cmdi,78,False,True,,False,TN
BenchmarkTest00309,cmdi,78,False,True,,False,TN
BenchmarkTest00310,cmdi,78,False,True,,False,TN
BenchmarkTest00311,cmdi,78,True,True,,False,FN
BenchmarkTest00312,weakrand,330,False,False,,False,TN
BenchmarkTest00313,weakrand,330,False,False,,False,TN
BenchmarkTest00314,weakrand,330,False,False,,False,TN
BenchmarkTest00315,weakrand,330,False,False,,False,TN
BenchmarkTest00316,weakrand,330,False,False,,False,TN
BenchmarkTest00317,weakrand,330,False,False,,False,TN
BenchmarkTest00318,weakrand,330,False,False,,False,TN
BenchmarkTest00319,weakrand,330,False,False,,False,TN
BenchmarkTest00320,weakrand,330,False,False,,False,TN
BenchmarkTest00321,trustbound,501,True,False,,False,FN
BenchmarkTest00322,trustbound,501,False,False,,False,TN
BenchmarkTest00323,trustbound,501,False,False,,False,TN
BenchmarkTest00324,trustbound,501,True,False,,False,FN
BenchmarkTest00325,trustbound,501,True,False,,False,FN
BenchmarkTest00326,trustbound,501,True,False,,False,FN
BenchmarkTest00327,trustbound,501,True,False,,False,FN
BenchmarkTest00328,sqli,89,True,True,,False,FN
BenchmarkTest00329,sqli,89,False,True,,False,TN
BenchmarkTest00330,sqli,89,False,True,,False,TN
BenchmarkTest00331,sqli,89,False,True,,False,TN
BenchmarkTest00332,sqli,89,False,True,,False,TN
BenchmarkTest00333,sqli,89,False,True,,False,TN
BenchmarkTest00334,sqli,89,False,True,,False,TN
BenchmarkTest00335,sqli,89,True,True,,False,FN
BenchmarkTest00336,sqli,89,False,True,,False,TN
BenchmarkTest00337,sqli,89,True,True,,False,FN
BenchmarkTest00338,sqli,89,False,True,,False,TN
BenchmarkTest00339,sqli,89,True,True,,False,FN
BenchmarkTest00340,sqli,89,False,True,,False,TN
BenchmarkTest00341,sqli,89,True,True,,False,FN
BenchmarkTest00342,sqli,89,True,True,,False,FN
BenchmarkTest00343,sqli,89,False,True,,False,TN
BenchmarkTest00344,sqli,89,False,True,,False,TN
BenchmarkTest00345,crypto,327,False,False,,False,TN
BenchmarkTest00346,hash,328,True,False,,False,FN
BenchmarkTest00347,weakrand,330,True,False,,False,FN
BenchmarkTest00348,securecookie,614,True,False,,False,FN
BenchmarkTest00349,weakrand,330,False,False,,False,TN
BenchmarkTest00350,crypto,327,False,False,,False,TN
BenchmarkTest00351,crypto,327,False,False,,False,TN
BenchmarkTest00352,crypto,327,False,False,,False,TN
BenchmarkTest00353,crypto,327,False,False,,False,TN
BenchmarkTest00354,crypto,327,True,False,,False,FN
BenchmarkTest00355,crypto,327,True,False,,False,FN
BenchmarkTest00356,crypto,327,True,False,,False,FN
BenchmarkTest00357,crypto,327,False,False,,False,TN
BenchmarkTest00358,crypto,327,False,False,,False,TN
BenchmarkTest00359,pathtraver,22,True,True,,False,FN
BenchmarkTest00360,pathtraver,22,True,True,xss,False,FN
BenchmarkTest00361,pathtraver,22,False,True,,False,TN
BenchmarkTest00362,pathtraver,22,True,True,,False,FN
BenchmarkTest00363,pathtraver,22,True,True,,False,FN
BenchmarkTest00364,pathtraver,22,False,True,,False,TN
BenchmarkTest00365,pathtraver,22,False,True,,False,TN
BenchmarkTest00366,pathtraver,22,False,True,,False,TN
BenchmarkTest00367,ldapi,90,False,False,,False,TN
BenchmarkTest00368,weakrand,330,True,False,,False,FN
BenchmarkTest00369,weakrand,330,True,False,,False,FN
BenchmarkTest00370,hash,328,False,False,,False,TN
BenchmarkTest00371,hash,328,True,False,,False,FN
BenchmarkTest00372,hash,328,True,False,,False,FN
BenchmarkTest00373,hash,328,False,False,,False,TN
BenchmarkTest00374,hash,328,True,False,,False,FN
BenchmarkTest00375,xss,79,True,True,xss,True,TP
BenchmarkTest00376,xss,79,True,True,,False,FN
BenchmarkTest00377,xss,79,False,True,,False,TN
BenchmarkTest00378,xss,79,True,True,,False,FN
BenchmarkTest00379,xss,79,False,True,,False,TN
BenchmarkTest00380,xss,79,True,True,,False,FN
BenchmarkTest00381,xss,79,False,True,,False,TN
BenchmarkTest00382,xss,79,True,True,,False,FN
BenchmarkTest00383,xss,79,True,True,,False,FN
BenchmarkTest00384,xss,79,True,True,,False,FN
BenchmarkTest00385,xss,79,True,True,,False,FN
BenchmarkTest00386,xss,79,False,True,,False,TN
BenchmarkTest00387,xss,79,True,True,xss,True,TP
BenchmarkTest00388,xss,79,True,True,,False,FN
BenchmarkTest00389,xss,79,False,True,,False,TN
BenchmarkTest00390,xss,79,True,True,xss,True,TP
BenchmarkTest00391,xss,79,False,True,,False,TN
BenchmarkTest00392,xss,79,True,True,xss,True,TP
BenchmarkTest00393,xss,79,False,True,xss,True,FP
BenchmarkTest00394,xss,79,False,True,,False,TN
BenchmarkTest00395,xss,79,True,True,xss,True,TP
BenchmarkTest00396,cmdi,78,False,True,,False,TN
BenchmarkTest00397,weakrand,330,True,False,,False,FN
BenchmarkTest00398,weakrand,330,True,False,,False,FN
BenchmarkTest00399,weakrand,330,True,False,,False,FN
BenchmarkTest00400,weakrand,330,True,False,,False,FN
BenchmarkTest00401,weakrand,330,True,False,,False,FN
BenchmarkTest00402,weakrand,330,True,False,,False,FN
BenchmarkTest00403,securecookie,614,True,False,,False,FN
BenchmarkTest00404,securecookie,614,False,False,,False,TN
BenchmarkTest00405,securecookie,614,False,False,,False,TN
BenchmarkTest00406,cmdi,78,False,True,,False,TN
BenchmarkTest00407,cmdi,78,True,True,,False,FN
BenchmarkTest00408,cmdi,78,False,True,,False,TN
BenchmarkTest00409,cmdi,78,True,True,,False,FN
BenchmarkTest00410,cmdi,78,False,True,,False,TN
BenchmarkTest00411,cmdi,78,False,True,,False,TN
BenchmarkTest00412,cmdi,78,False,True,,False,TN
BenchmarkTest00413,weakrand,330,False,False,,False,TN
BenchmarkTest00414,weakrand,330,False,False,,False,TN
BenchmarkTest00415,weakrand,330,False,False,,False,TN
BenchmarkTest00416,weakrand,330,False,False,,False,TN
BenchmarkTest00417,weakrand,330,False,False,,False,TN
BenchmarkTest00418,weakrand,330,False,False,,False,TN
BenchmarkTest00419,weakrand,330,False,False,,False,TN
BenchmarkTest00420,weakrand,330,False,False,,False,TN
BenchmarkTest00421,weakrand,330,False,False,,False,TN
BenchmarkTest00422,weakrand,330,False,False,,False,TN
BenchmarkTest00423,weakrand,330,False,False,,False,TN
BenchmarkTest00424,trustbound,501,True,False,xss,False,FN
BenchmarkTest00425,trustbound,501,True,False,,False,FN
BenchmarkTest00426,trustbound,501,True,False,xss,False,FN
BenchmarkTest00427,trustbound,501,True,False,,False,FN
BenchmarkTest00428,sqli,89,True,True,,False,FN
BenchmarkTest00429,sqli,89,True,True,,False,FN
BenchmarkTest00430,sqli,89,False,True,,False,TN
BenchmarkTest00431,sqli,89,True,True,,False,FN
BenchmarkTest00432,sqli,89,False,True,,False,TN
BenchmarkTest00433,sqli,89,True,True,,False,FN
BenchmarkTest00434,sqli,89,True,True,,False,FN
BenchmarkTest00435,sqli,89,True,True,,False,FN
BenchmarkTest00436,sqli,89,False,True,,False,TN
BenchmarkTest00437,sqli,89,False,True,,False,TN
BenchmarkTest00438,sqli,89,True,True,,False,FN
BenchmarkTest00439,sqli,89,True,True,,False,FN
BenchmarkTest00440,sqli,89,False,True,,False,TN
BenchmarkTest00441,sqli,89,True,True,,False,FN
BenchmarkTest00442,xpathi,643,True,False,,False,FN
BenchmarkTest00443,crypto,327,False,False,,False,TN
BenchmarkTest00444,crypto,327,False,False,,False,TN
BenchmarkTest00445,crypto,327,True,False,,False,FN
BenchmarkTest00446,crypto,327,True,False,,False,FN
BenchmarkTest00447,crypto,327,False,False,,False,TN
BenchmarkTest00448,crypto,327,True,False,,False,FN
BenchmarkTest00449,crypto,327,True,False,,False,FN
BenchmarkTest00450,crypto,327,False,False,,False,TN
BenchmarkTest00451,crypto,327,False,False,,False,TN
BenchmarkTest00452,pathtraver,22,True,True,,False,FN
BenchmarkTest00453,pathtraver,22,True,True,,False,FN
BenchmarkTest00454,pathtraver,22,False,True,,False,TN
BenchmarkTest00455,pathtraver,22,True,True,,False,FN
BenchmarkTest00456,pathtraver,22,True,True,,False,FN
BenchmarkTest00457,pathtraver,22,True,True,,False,FN
BenchmarkTest00458,pathtraver,22,False,True,,False,TN
BenchmarkTest00459,pathtraver,22,True,True,,False,FN
BenchmarkTest00460,pathtraver,22,False,True,,False,TN
BenchmarkTest00461,weakrand,330,True,False,,False,FN
BenchmarkTest00462,hash,328,True,False,,False,FN
BenchmarkTest00463,hash,328,False,False,,False,TN
BenchmarkTest00464,hash,328,True,False,,False,FN
BenchmarkTest00465,hash,328,True,False,,False,FN
BenchmarkTest00466,hash,328,False,False,,False,TN
BenchmarkTest00467,xss,79,True,True,,False,FN
BenchmarkTest00468,xss,79,False,True,,False,TN
BenchmarkTest00469,xss,79,False,True,,False,TN
BenchmarkTest00470,xss,79,False,True,,False,TN
BenchmarkTest00471,xss,79,False,True,,False,TN
BenchmarkTest00472,xss,79,True,True,,False,FN
BenchmarkTest00473,xss,79,True,True,,False,FN
BenchmarkTest00474,xss,79,False,True,,False,TN
BenchmarkTest00475,xss,79,True,True,,False,FN
BenchmarkTest00476,xss,79,False,True,,False,TN
BenchmarkTest00477,xss,79,True,True,,False,FN
BenchmarkTest00478,xss,79,True,True,,False,FN
BenchmarkTest00479,xss,79,False,True,,False,TN
BenchmarkTest00480,cmdi,78,True,True,,False,FN
BenchmarkTest00481,cmdi,78,False,True,,False,TN
BenchmarkTest00482,weakrand,330,True,False,,False,FN
BenchmarkTest00483,weakrand,330,True,False,,False,FN
BenchmarkTest00484,weakrand,330,True,False,,False,FN
BenchmarkTest00485,weakrand,330,True,False,,False,FN
BenchmarkTest00486,weakrand,330,True,False,,False,FN
BenchmarkTest00487,weakrand,330,True,False,,False,FN
BenchmarkTest00488,weakrand,330,True,False,,False,FN
BenchmarkTest00489,weakrand,330,True,False,,False,FN
BenchmarkTest00490,weakrand,330,True,False,,False,FN
BenchmarkTest00491,securecookie,614,True,False,,False,FN
BenchmarkTest00492,xss,79,True,True,,False,FN
BenchmarkTest00493,xss,79,False,True,,False,TN
BenchmarkTest00494,cmdi,78,False,True,,False,TN
BenchmarkTest00495,cmdi,78,True,True,,False,FN
BenchmarkTest00496,cmdi,78,True,True,,False,FN
BenchmarkTest00497,cmdi,78,True,True,,False,FN
BenchmarkTest00498,cmdi,78,True,True,,False,FN
BenchmarkTest00499,cmdi,78,True,True,,False,FN
BenchmarkTest00500,cmdi,78,True,True,,False,FN
BenchmarkTest00501,weakrand,330,False,False,,False,TN
BenchmarkTest00502,weakrand,330,False,False,,False,TN
BenchmarkTest00503,weakrand,330,False,False,,False,TN
BenchmarkTest00504,weakrand,330,False,False,,False,TN
BenchmarkTest00505,weakrand,330,False,False,,False,TN
BenchmarkTest00506,weakrand,330,False,False,,False,TN
BenchmarkTest00507,weakrand,330,False,False,,False,TN
BenchmarkTest00508,trustbound,501,True,False,,False,FN
BenchmarkTest00509,sqli,89,False,True,,False,TN
BenchmarkTest00510,sqli,89,True,True,,False,FN
BenchmarkTest00511,sqli,89,False,True,,False,TN
BenchmarkTest00512,sqli,89,True,True,,False,FN
BenchmarkTest00513,sqli,89,False,True,,False,TN
BenchmarkTest00514,sqli,89,False,True,,False,TN
BenchmarkTest00515,sqli,89,True,True,,False,FN
BenchmarkTest00516,sqli,89,True,True,,False,FN
BenchmarkTest00517,sqli,89,False,True,,False,TN
BenchmarkTest00518,sqli,89,True,True,,False,FN
BenchmarkTest00519,sqli,89,False,True,,False,TN
BenchmarkTest00520,xpathi,643,False,False,,False,TN
BenchmarkTest00521,crypto,327,True,False,,False,FN
BenchmarkTest00522,crypto,327,True,False,,False,FN
BenchmarkTest00523,crypto,327,False,False,,False,TN
BenchmarkTest00524,crypto,327,False,False,,False,TN
BenchmarkTest00525,pathtraver,22,True,True,,False,FN
BenchmarkTest00526,pathtraver,22,True,True,,False,FN
BenchmarkTest00527,pathtraver,22,True,True,,False,FN
BenchmarkTest00528,pathtraver,22,True,True,,False,FN
BenchmarkTest00529,pathtraver,22,True,True,,False,FN
BenchmarkTest00530,ldapi,90,False,False,,False,TN
BenchmarkTest00531,hash,328,True,False,,False,FN
BenchmarkTest00532,hash,328,True,False,,False,FN
BenchmarkTest00533,hash,328,True,False,,False,FN
BenchmarkTest00534,hash,328,True,False,,False,FN
BenchmarkTest00535,hash,328,False,False,,False,TN
BenchmarkTest00536,hash,328,True,False,,False,FN
BenchmarkTest00537,hash,328,True,False,,False,FN
BenchmarkTest00538,hash,328,False,False,,False,TN
BenchmarkTest00539,hash,328,False,False,,False,TN
BenchmarkTest00540,hash,328,False,False,,False,TN
BenchmarkTest00541,xss,79,True,True,,False,FN
BenchmarkTest00542,xss,79,True,True,,False,FN
BenchmarkTest00543,xss,79,True,True,,False,FN
BenchmarkTest00544,xss,79,False,True,,False,TN
BenchmarkTest00545,xss,79,False,True,,False,TN
BenchmarkTest00546,xss,79,False,True,,False,TN
BenchmarkTest00547,xss,79,True,True,,False,FN
BenchmarkTest00548,xss,79,False,True,,False,TN
BenchmarkTest00549,xss,79,True,True,,False,FN
BenchmarkTest00550,xss,79,False,True,,False,TN
BenchmarkTest00551,xss,79,True,True,,False,FN
BenchmarkTest00552,xss,79,True,True,,False,FN
BenchmarkTest00553,xss,79,False,True,,False,TN
BenchmarkTest00554,xss,79,True,True,,False,FN
BenchmarkTest00555,xss,79,True,True,,False,FN
BenchmarkTest00556,xss,79,False,True,,False,TN
BenchmarkTest00557,xss,79,True,True,,False,FN
BenchmarkTest00558,cmdi,78,False,True,,False,TN
BenchmarkTest00559,cmdi,78,False,True,,False,TN
BenchmarkTest00560,weakrand,330,True,False,,False,FN
BenchmarkTest00561,weakrand,330,True,False,,False,FN
BenchmarkTest00562,weakrand,330,True,False,,False,FN
BenchmarkTest00563,weakrand,330,True,False,,False,FN
BenchmarkTest00564,weakrand,330,True,False,,False,FN
BenchmarkTest00565,securecookie,614,True,False,,False,FN
BenchmarkTest00566,securecookie,614,True,False,,False,FN
BenchmarkTest00567,cmdi,78,True,True,,False,FN
BenchmarkTest00568,cmdi,78,True,True,,False,FN
BenchmarkTest00569,cmdi,78,False,True,,False,TN
BenchmarkTest00570,cmdi,78,False,True,,False,TN
BenchmarkTest00571,cmdi,78,False,True,,False,TN
BenchmarkTest00572,cmdi,78,False,True,,False,TN
BenchmarkTest00573,cmdi,78,True,True,,False,FN
BenchmarkTest00574,cmdi,78,True,True,,False,FN
BenchmarkTest00575,cmdi,78,True,True,,False,FN
BenchmarkTest00576,cmdi,78,True,True,,False,FN
BenchmarkTest00577,weakrand,330,False,False,,False,TN
BenchmarkTest00578,weakrand,330,False,False,,False,TN
BenchmarkTest00579,weakrand,330,False,False,,False,TN
BenchmarkTest00580,weakrand,330,False,False,,False,TN
BenchmarkTest00581,weakrand,330,False,False,,False,TN
BenchmarkTest00582,weakrand,330,False,False,,False,TN
BenchmarkTest00583,weakrand,330,False,False,,False,TN
BenchmarkTest00584,weakrand,330,False,False,,False,TN
BenchmarkTest00585,weakrand,330,False,False,,False,TN
BenchmarkTest00586,trustbound,501,False,False,,False,TN
BenchmarkTest00587,trustbound,501,True,False,,False,FN
BenchmarkTest00588,trustbound,501,True,False,,False,FN
BenchmarkTest00589,sqli,89,False,True,,False,TN
BenchmarkTest00590,sqli,89,True,True,,False,FN
BenchmarkTest00591,sqli,89,True,True,,False,FN
BenchmarkTest00592,sqli,89,False,True,,False,TN
BenchmarkTest00593,sqli,89,True,True,,False,FN
BenchmarkTest00594,sqli,89,True,True,,False,FN
BenchmarkTest00595,sqli,89,True,True,,False,FN
BenchmarkTest00596,sqli,89,True,True,,False,FN
BenchmarkTest00597,sqli,89,True,True,,False,FN
BenchmarkTest00598,sqli,89,True,True,,False,FN
BenchmarkTest00599,sqli,89,False,True,,False,TN
BenchmarkTest00600,sqli,89,True,True,,False,FN
BenchmarkTest00601,sqli,89,False,True,,False,TN
BenchmarkTest00602,sqli,89,False,True,,False,TN
BenchmarkTest00603,sqli,89,True,True,,False,FN
BenchmarkTest00604,sqli,89,True,True,,False,FN
BenchmarkTest00605,sqli,89,False,True,,False,TN
BenchmarkTest00606,sqli,89,True,True,,False,FN
BenchmarkTest00607,xpathi,643,True,False,,False,FN
BenchmarkTest00608,crypto,327,True,False,,False,FN
BenchmarkTest00609,crypto,327,True,False,,False,FN
BenchmarkTest00610,crypto,327,True,False,,False,FN
BenchmarkTest00611,crypto,327,True,False,,False,FN
BenchmarkTest00612,crypto,327,False,False,,False,TN
BenchmarkTest00613,crypto,327,False,False,,False,TN
BenchmarkTest00614,crypto,327,True,False,,False,FN
BenchmarkTest00615,crypto,327,True,False,,False,FN
BenchmarkTest00616,crypto,327,True,False,,False,FN
BenchmarkTest00617,crypto,327,True,False,,False,FN
BenchmarkTest00618,crypto,327,False,False,,False,TN
BenchmarkTest00619,pathtraver,22,True,True,,False,FN
BenchmarkTest00620,pathtraver,22,False,True,,False,TN
BenchmarkTest00621,pathtraver,22,False,True,,False,TN
BenchmarkTest00622,pathtraver,22,False,True,,False,TN
BenchmarkTest00623,pathtraver,22,True,True,,False,FN
BenchmarkTest00624,pathtraver,22,True,True,,False,FN
BenchmarkTest00625,pathtraver,22,False,True,,False,TN
BenchmarkTest00626,pathtraver,22,False,True,,False,TN
BenchmarkTest00627,pathtraver,22,True,True,,False,FN
BenchmarkTest00628,pathtraver,22,False,True,,False,TN
BenchmarkTest00629,pathtraver,22,True,True,,False,FN
BenchmarkTest00630,ldapi,90,True,False,,False,FN
BenchmarkTest00631,hash,328,True,False,,False,FN
BenchmarkTest00632,hash,328,False,False,,False,TN
BenchmarkTest00633,hash,328,False,False,,False,TN
BenchmarkTest00634,hash,328,True,False,,False,FN
BenchmarkTest00635,hash,328,True,False,,False,FN
BenchmarkTest00636,hash,328,True,False,,False,FN
BenchmarkTest00637,hash,328,True,False,,False,FN
BenchmarkTest00638,hash,328,True,False,,False,FN
BenchmarkTest00639,hash,328,False,False,,False,TN
BenchmarkTest00640,hash,328,False,False,,False,TN
BenchmarkTest00641,hash,328,False,False,,False,TN
BenchmarkTest00642,xss,79,True,True,,False,FN
BenchmarkTest00643,xss,79,True,True,,False,FN
BenchmarkTest00644,xss,79,True,True,,False,FN
BenchmarkTest00645,xss,79,True,True,,False,FN
BenchmarkTest00646,xss,79,False,True,,False,TN
BenchmarkTest00647,xss,79,False,True,,False,TN
BenchmarkTest00648,xss,79,False,True,,False,TN
BenchmarkTest00649,xss,79,False,True,,False,TN
BenchmarkTest00650,xss,79,False,True,,False,TN
BenchmarkTest00651,xss,79,True,True,,False,FN
BenchmarkTest00652,weakrand,330,True,False,,False,FN
BenchmarkTest00653,weakrand,330,True,False,,False,FN
BenchmarkTest00654,weakrand,330,True,False,,False,FN
BenchmarkTest00655,securecookie,614,False,False,,False,TN
BenchmarkTest00656,xss,79,True,True,,False,FN
BenchmarkTest00657,cmdi,78,False,True,,False,TN
BenchmarkTest00658,cmdi,78,False,True,,False,TN
BenchmarkTest00659,cmdi,78,False,True,,False,TN
BenchmarkTest00660,weakrand,330,False,False,,False,TN
BenchmarkTest00661,weakrand,330,False,False,,False,TN
BenchmarkTest00662,weakrand,330,False,False,,False,TN
BenchmarkTest00663,weakrand,330,False,False,,False,TN
BenchmarkTest00664,weakrand,330,False,False,,False,TN
BenchmarkTest00665,weakrand,330,False,False,,False,TN
BenchmarkTest00666,weakrand,330,False,False,,False,TN
BenchmarkTest00667,weakrand,330,False,False,,False,TN
BenchmarkTest00668,trustbound,501,True,False,,False,FN
BenchmarkTest00669,trustbound,501,False,False,,False,TN
BenchmarkTest00670,trustbound,501,True,False,,False,FN
BenchmarkTest00671,trustbound,501,True,False,,False,FN
BenchmarkTest00672,sqli,89,False,True,,False,TN
BenchmarkTest00673,sqli,89,True,True,,False,FN
BenchmarkTest00674,sqli,89,False,True,,False,TN
BenchmarkTest00675,sqli,89,False,True,,False,TN
BenchmarkTest00676,sqli,89,False,True,,False,TN
BenchmarkTest00677,sqli,89,True,True,,False,FN
BenchmarkTest00678,sqli,89,True,True,,False,FN
BenchmarkTest00679,sqli,89,True,True,,False,FN
BenchmarkTest00680,sqli,89,False,True,,False,TN
BenchmarkTest00681,sqli,89,True,True,,False,FN
BenchmarkTest00682,sqli,89,False,True,,False,TN
BenchmarkTest00683,xpathi,643,False,False,,False,TN
BenchmarkTest00684,crypto,327,True,False,,False,FN
BenchmarkTest00685,crypto,327,True,False,,False,FN
BenchmarkTest00686,crypto,327,False,False,,False,TN
BenchmarkTest00687,crypto,327,False,False,,False,TN
BenchmarkTest00688,crypto,327,True,False,,False,FN
BenchmarkTest00689,crypto,327,False,False,,False,TN
BenchmarkTest00690,crypto,327,False,False,,False,TN
BenchmarkTest00691,crypto,327,True,False,,False,FN
BenchmarkTest00692,crypto,327,True,False,,False,FN
BenchmarkTest00693,crypto,327,True,False,,False,FN
BenchmarkTest00694,ldapi,90,True,False,,False,FN
BenchmarkTest00695,ldapi,90,True,False,,False,FN
BenchmarkTest00696,pathtraver,22,True,True,,False,FN
BenchmarkTest00697,pathtraver,22,True,True,,False,FN
BenchmarkTest00698,pathtraver,22,True,True,,False,FN
BenchmarkTest00699,pathtraver,22,False,True,,False,TN
BenchmarkTest00700,pathtraver,22,True,True,,False,FN
BenchmarkTest00701,ldapi,90,False,False,,False,TN
BenchmarkTest00702,weakrand,330,True,False,,False,FN
BenchmarkTest00703,hash,328,True,False,,False,FN
BenchmarkTest00704,hash,328,True,False,,False,FN
BenchmarkTest00705,hash,328,True,False,,False,FN
BenchmarkTest00706,hash,328,False,False,,False,TN
BenchmarkTest00707,hash,328,False,False,,False,TN
BenchmarkTest00708,hash,328,True,False,,False,FN
BenchmarkTest00709,hash,328,False,False,,False,TN
BenchmarkTest00710,hash,328,True,False,,False,FN
BenchmarkTest00711,xss,79,True,True,,False,FN
BenchmarkTest00712,xss,79,False,True,,False,TN
BenchmarkTest00713,xss,79,False,True,,False,TN
BenchmarkTest00714,xss,79,False,True,,False,TN
BenchmarkTest00715,xss,79,True,True,,False,FN
BenchmarkTest00716,xss,79,False,True,,False,TN
BenchmarkTest00717,xss,79,False,True,,False,TN
BenchmarkTest00718,xss,79,False,True,,False,TN
BenchmarkTest00719,xss,79,True,True,,False,FN
BenchmarkTest00720,xss,79,True,True,,False,FN
BenchmarkTest00721,xss,79,True,True,,False,FN
BenchmarkTest00722,xss,79,False,True,,False,TN
BenchmarkTest00723,xss,79,False,True,,False,TN
BenchmarkTest00724,xss,79,True,True,,False,FN
BenchmarkTest00725,xss,79,True,True,,False,FN
BenchmarkTest00726,xss,79,False,True,,False,TN
BenchmarkTest00727,xss,79,True,True,,False,FN
BenchmarkTest00728,xss,79,True,True,,False,FN
BenchmarkTest00729,xss,79,True,True,,False,FN
BenchmarkTest00730,xss,79,False,True,,False,TN
BenchmarkTest00731,cmdi,78,True,True,,False,FN
BenchmarkTest00732,cmdi,78,False,True,,False,TN
BenchmarkTest00733,weakrand,330,True,False,,False,FN
BenchmarkTest00734,weakrand,330,True,False,,False,FN
BenchmarkTest00735,weakrand,330,True,False,,False,FN
BenchmarkTest00736,securecookie,614,True,False,,False,FN
BenchmarkTest00737,xss,79,True,True,,False,FN
BenchmarkTest00738,cmdi,78,False,True,,False,TN
BenchmarkTest00739,cmdi,78,False,True,,False,TN
BenchmarkTest00740,cmdi,78,True,True,,False,FN
BenchmarkTest00741,cmdi,78,False,True,,False,TN
BenchmarkTest00742,cmdi,78,False,True,,False,TN
BenchmarkTest00743,cmdi,78,False,True,,False,TN
BenchmarkTest00744,weakrand,330,False,False,,False,TN
BenchmarkTest00745,weakrand,330,False,False,,False,TN
BenchmarkTest00746,weakrand,330,False,False,,False,TN
BenchmarkTest00747,weakrand,330,False,False,,False,TN
BenchmarkTest00748,weakrand,330,False,False,,False,TN
BenchmarkTest00749,weakrand,330,False,False,,False,TN
BenchmarkTest00750,weakrand,330,False,False,,False,TN
BenchmarkTest00751,weakrand,330,False,False,,False,TN
BenchmarkTest00752,weakrand,330,False,False,,False,TN
BenchmarkTest00753,weakrand,330,False,False,,False,TN
BenchmarkTest00754,trustbound,501,True,False,,False,FN
BenchmarkTest00755,trustbound,501,False,False,,False,TN
BenchmarkTest00756,trustbound,501,True,False,,False,FN
BenchmarkTest00757,trustbound,501,True,False,,False,FN
BenchmarkTest00758,trustbound,501,False,False,,False,TN
BenchmarkTest00759,trustbound,501,True,False,,False,FN
BenchmarkTest00760,sqli,89,True,True,,False,FN
BenchmarkTest00761,sqli,89,True,True,,False,FN
BenchmarkTest00762,sqli,89,True,True,,False,FN
BenchmarkTest00763,sqli,89,False,True,,False,TN
BenchmarkTest00764,sqli,89,True,True,,False,FN
BenchmarkTest00765,sqli,89,True,True,,False,FN
BenchmarkTest00766,sqli,89,False,True,,False,TN
BenchmarkTest00767,sqli,89,True,True,,False,FN
BenchmarkTest00768,sqli,89,True,True,,False,FN
BenchmarkTest00769,sqli,89,True,True,,False,FN
BenchmarkTest00770,sqli,89,True,True,,False,FN
BenchmarkTest00771,sqli,89,True,True,,False,FN
BenchmarkTest00772,sqli,89,False,True,,False,TN
BenchmarkTest00773,sqli,89,False,True,,False,TN
BenchmarkTest00774,sqli,89,False,True,,False,TN
BenchmarkTest00775,crypto,327,False,False,,False,TN
BenchmarkTest00776,crypto,327,False,False,,False,TN
BenchmarkTest00777,crypto,327,False,False,,False,TN
BenchmarkTest00778,crypto,327,False,False,,False,TN
BenchmarkTest00779,crypto,327,True,False,,False,FN
BenchmarkTest00780,crypto,327,False,False,,False,TN
BenchmarkTest00781,crypto,327,True,False,,False,FN
BenchmarkTest00782,crypto,327,False,False,,False,TN
BenchmarkTest00783,pathtraver,22,True,True,,False,FN
BenchmarkTest00784,pathtraver,22,False,True,,False,TN
BenchmarkTest00785,pathtraver,22,True,True,,False,FN
BenchmarkTest00786,pathtraver,22,False,True,,False,TN
BenchmarkTest00787,pathtraver,22,True,True,xss,False,FN
BenchmarkTest00788,pathtraver,22,True,True,,False,FN
BenchmarkTest00789,hash,328,True,False,,False,FN
BenchmarkTest00790,hash,328,True,False,,False,FN
BenchmarkTest00791,hash,328,False,False,,False,TN
BenchmarkTest00792,hash,328,False,False,,False,TN
BenchmarkTest00793,hash,328,False,False,,False,TN
BenchmarkTest00794,hash,328,True,False,,False,FN
BenchmarkTest00795,hash,328,False,False,,False,TN
BenchmarkTest00796,hash,328,True,False,,False,FN
BenchmarkTest00797,hash,328,True,False,,False,FN
BenchmarkTest00798,hash,328,False,False,,False,TN
BenchmarkTest00799,xss,79,False,True,,False,TN
BenchmarkTest00800,xss,79,True,True,,False,FN
BenchmarkTest00801,xss,79,True,True,,False,FN
BenchmarkTest00802,xss,79,True,True,xss,True,TP
BenchmarkTest00803,xss,79,True,True,,False,FN
BenchmarkTest00804,xss,79,True,True,,False,FN
BenchmarkTest00805,xss,79,True,True,,False,FN
BenchmarkTest00806,xss,79,True,True,,False,FN
BenchmarkTest00807,xss,79,True,True,xss,True,TP
BenchmarkTest00808,xss,79,False,True,,False,TN
BenchmarkTest00809,xss,79,True,True,xss,True,TP
BenchmarkTest00810,xss,79,True,True,,False,FN
BenchmarkTest00811,xss,79,True,True,,False,FN
BenchmarkTest00812,xss,79,False,True,xss,True,FP
BenchmarkTest00813,xss,79,False,True,xss,True,FP
BenchmarkTest00814,cmdi,78,False,True,,False,TN
BenchmarkTest00815,cmdi,78,True,True,,False,FN
BenchmarkTest00816,cmdi,78,True,True,,False,FN
BenchmarkTest00817,weakrand,330,True,False,,False,FN
BenchmarkTest00818,weakrand,330,True,False,,False,FN
BenchmarkTest00819,weakrand,330,True,False,,False,FN
BenchmarkTest00820,securecookie,614,True,False,,False,FN
BenchmarkTest00821,securecookie,614,True,False,,False,FN
BenchmarkTest00822,xss,79,True,True,xss,True,TP
BenchmarkTest00823,cmdi,78,True,True,,False,FN
BenchmarkTest00824,cmdi,78,True,True,,False,FN
BenchmarkTest00825,cmdi,78,True,True,,False,FN
BenchmarkTest00826,cmdi,78,False,True,,False,TN
BenchmarkTest00827,cmdi,78,False,True,,False,TN
BenchmarkTest00828,weakrand,330,False,False,,False,TN
BenchmarkTest00829,weakrand,330,False,False,,False,TN
BenchmarkTest00830,weakrand,330,False,False,,False,TN
BenchmarkTest00831,weakrand,330,False,False,,False,TN
BenchmarkTest00832,weakrand,330,False,False,,False,TN
BenchmarkTest00833,trustbound,501,True,False,xss,False,FN
BenchmarkTest00834,trustbound,501,True,False,xss,False,FN
BenchmarkTest00835,trustbound,501,False,False,,False,TN
BenchmarkTest00836,trustbound,501,True,False,xss,False,FN
BenchmarkTest00837,sqli,89,False,True,,False,TN
BenchmarkTest00838,sqli,89,False,True,,False,TN
BenchmarkTest00839,sqli,89,True,True,,False,FN
BenchmarkTest00840,sqli,89,True,True,,False,FN
BenchmarkTest00841,sqli,89,True,True,,False,FN
BenchmarkTest00842,sqli,89,True,True,,False,FN
BenchmarkTest00843,sqli,89,True,True,,False,FN
BenchmarkTest00844,sqli,89,False,True,,False,TN
BenchmarkTest00845,sqli,89,True,True,,False,FN
BenchmarkTest00846,sqli,89,True,True,,False,FN
BenchmarkTest00847,sqli,89,True,True,,False,FN
BenchmarkTest00848,sqli,89,True,True,,False,FN
BenchmarkTest00849,sqli,89,True,True,,False,FN
BenchmarkTest00850,sqli,89,True,True,,False,FN
BenchmarkTest00851,sqli,89,False,True,,False,TN
BenchmarkTest00852,xpathi,643,False,False,,False,TN
BenchmarkTest00853,crypto,327,True,False,,False,FN
BenchmarkTest00854,crypto,327,False,False,,False,TN
BenchmarkTest00855,crypto,327,True,False,,False,FN
BenchmarkTest00856,crypto,327,True,False,,False,FN
BenchmarkTest00857,crypto,327,True,False,,False,FN
BenchmarkTest00858,crypto,327,False,False,,False,TN
BenchmarkTest00859,crypto,327,True,False,,False,FN
BenchmarkTest00860,ldapi,90,False,False,,False,TN
BenchmarkTest00861,ldapi,90,False,False,,False,TN
BenchmarkTest00862,pathtraver,22,False,True,,False,TN
BenchmarkTest00863,pathtraver,22,False,True,,False,TN
BenchmarkTest00864,pathtraver,22,False,True,,False,TN
BenchmarkTest00865,pathtraver,22,False,True,,False,TN
BenchmarkTest00866,pathtraver,22,False,True,,False,TN
BenchmarkTest00867,pathtraver,22,False,True,,False,TN
BenchmarkTest00868,hash,328,True,False,,False,FN
BenchmarkTest00869,hash,328,True,False,,False,FN
BenchmarkTest00870,hash,328,True,False,,False,FN
BenchmarkTest00871,hash,328,True,False,,False,FN
BenchmarkTest00872,hash,328,True,False,,False,FN
BenchmarkTest00873,hash,328,False,False,,False,TN
BenchmarkTest00874,hash,328,False,False,,False,TN
BenchmarkTest00875,hash,328,True,False,,False,FN
BenchmarkTest00876,hash,328,True,False,,False,FN
BenchmarkTest00877,hash,328,False,False,,False,TN
BenchmarkTest00878,hash,328,False,False,,False,TN
BenchmarkTest00879,xss,79,False,True,,False,TN
BenchmarkTest00880,xss,79,False,True,,False,TN
BenchmarkTest00881,xss,79,False,True,,False,TN
BenchmarkTest00882,xss,79,False,True,,False,TN
BenchmarkTest00883,xss,79,False,True,,False,TN
BenchmarkTest00884,xss,79,False,True,,False,TN
BenchmarkTest00885,xss,79,False,True,,False,TN
BenchmarkTest00886,xss,79,False,True,,False,TN
BenchmarkTest00887,xss,79,False,True,,False,TN
BenchmarkTest00888,xss,79,False,True,,False,TN
BenchmarkTest00889,xss,79,False,True,,False,TN
BenchmarkTest00890,xss,79,False,True,,False,TN
BenchmarkTest00891,xss,79,False,True,,False,TN
BenchmarkTest00892,xss,79,False,True,,False,TN
BenchmarkTest00893,xss,79,False,True,,False,TN
BenchmarkTest00894,xss,79,False,True,,False,TN
BenchmarkTest00895,cmdi,78,False,True,,False,TN
BenchmarkTest00896,cmdi,78,False,True,,False,TN
BenchmarkTest00897,cmdi,78,False,True,,False,TN
BenchmarkTest00898,weakrand,330,True,False,,False,FN
BenchmarkTest00899,weakrand,330,True,False,,False,FN
BenchmarkTest00900,weakrand,330,True,False,,False,FN
BenchmarkTest00901,weakrand,330,True,False,,False,FN
BenchmarkTest00902,weakrand,330,True,False,,False,FN
BenchmarkTest00903,securecookie,614,True,False,,False,FN
BenchmarkTest00904,securecookie,614,False,False,,False,TN
BenchmarkTest00905,cmdi,78,False,True,,False,TN
BenchmarkTest00906,cmdi,78,False,True,,False,TN
BenchmarkTest00907,cmdi,78,False,True,,False,TN
BenchmarkTest00908,cmdi,78,False,True,,False,TN
BenchmarkTest00909,cmdi,78,False,True,,False,TN
BenchmarkTest00910,cmdi,78,False,True,,False,TN
BenchmarkTest00911,weakrand,330,False,False,,False,TN
BenchmarkTest00912,weakrand,330,False,False,,False,TN
BenchmarkTest00913,weakrand,330,False,False,,False,TN
BenchmarkTest00914,weakrand,330,False,False,,False,TN
BenchmarkTest00915,weakrand,330,False,False,,False,TN
BenchmarkTest00916,weakrand,330,False,False,,False,TN
BenchmarkTest00917,weakrand,330,False,False,,False,TN
BenchmarkTest00918,weakrand,330,False,False,,False,TN
BenchmarkTest00919,weakrand,330,False,False,,False,TN
BenchmarkTest00920,weakrand,330,False,False,,False,TN
BenchmarkTest00921,weakrand,330,False,False,,False,TN
BenchmarkTest00922,trustbound,501,False,False,,False,TN
BenchmarkTest00923,trustbound,501,False,False,,False,TN
BenchmarkTest00924,sqli,89,False,True,,False,TN
BenchmarkTest00925,sqli,89,False,True,,False,TN
BenchmarkTest00926,sqli,89,False,True,,False,TN
BenchmarkTest00927,sqli,89,False,True,,False,TN
BenchmarkTest00928,sqli,89,False,True,,False,TN
BenchmarkTest00929,sqli,89,False,True,,False,TN
BenchmarkTest00930,sqli,89,False,True,,False,TN
BenchmarkTest00931,sqli,89,False,True,,False,TN
BenchmarkTest00932,sqli,89,False,True,,False,TN
BenchmarkTest00933,sqli,89,False,True,,False,TN
BenchmarkTest00934,sqli,89,False,True,,False,TN
BenchmarkTest00935,sqli,89,False,True,,False,TN
BenchmarkTest00936,sqli,89,False,True,,False,TN
BenchmarkTest00937,sqli,89,False,True,,False,TN
BenchmarkTest00938,sqli,89,False,True,,False,TN
BenchmarkTest00939,sqli,89,False,True,,False,TN
BenchmarkTest00940,sqli,89,False,True,,False,TN
BenchmarkTest00941,xpathi,643,False,False,,False,TN
BenchmarkTest00942,crypto,327,False,False,,False,TN
BenchmarkTest00943,crypto,327,False,False,,False,TN
BenchmarkTest00944,crypto,327,False,False,,False,TN
BenchmarkTest00945,crypto,327,True,False,,False,FN
BenchmarkTest00946,crypto,327,True,False,,False,FN
BenchmarkTest00947,ldapi,90,True,False,,False,FN
BenchmarkTest00948,ldapi,90,False,False,,False,TN
BenchmarkTest00949,pathtraver,22,True,True,,False,FN
BenchmarkTest00950,pathtraver,22,True,True,,False,FN
BenchmarkTest00951,pathtraver,22,False,True,,False,TN
BenchmarkTest00952,pathtraver,22,True,True,,False,FN
BenchmarkTest00953,pathtraver,22,True,True,,False,FN
BenchmarkTest00954,pathtraver,22,False,True,,False,TN
BenchmarkTest00955,pathtraver,22,False,True,,False,TN
BenchmarkTest00956,pathtraver,22,True,True,,False,FN
BenchmarkTest00957,pathtraver,22,False,True,,False,TN
BenchmarkTest00958,pathtraver,22,False,True,,False,TN
BenchmarkTest00959,ldapi,90,True,False,,False,FN
BenchmarkTest00960,weakrand,330,True,False,,False,FN
BenchmarkTest00961,hash,328,True,False,,False,FN
BenchmarkTest00962,hash,328,False,False,,False,TN
BenchmarkTest00963,hash,328,True,False,,False,FN
BenchmarkTest00964,hash,328,False,False,,False,TN
BenchmarkTest00965,hash,328,False,False,,False,TN
BenchmarkTest00966,hash,328,False,False,,False,TN
BenchmarkTest00967,hash,328,False,False,,False,TN
BenchmarkTest00968,cmdi,78,True,True,,False,FN
BenchmarkTest00969,cmdi,78,False,True,,False,TN
BenchmarkTest00970,cmdi,78,False,True,,False,TN
BenchmarkTest00971,weakrand,330,True,False,,False,FN
BenchmarkTest00972,weakrand,330,True,False,,False,FN
BenchmarkTest00973,weakrand,330,True,False,,False,FN
BenchmarkTest00974,weakrand,330,True,False,,False,FN
BenchmarkTest00975,weakrand,330,True,False,,False,FN
BenchmarkTest00976,weakrand,330,True,False,,False,FN
BenchmarkTest00977,securecookie,614,True,False,,False,FN
BenchmarkTest00978,cmdi,78,False,True,,False,TN
BenchmarkTest00979,cmdi,78,True,True,,False,FN
BenchmarkTest00980,cmdi,78,False,True,,False,TN
BenchmarkTest00981,cmdi,78,True,True,,False,FN
BenchmarkTest00982,cmdi,78,False,True,,False,TN
BenchmarkTest00983,cmdi,78,True,True,,False,FN
BenchmarkTest00984,weakrand,330,False,False,,False,TN
BenchmarkTest00985,weakrand,330,False,False,,False,TN
BenchmarkTest00986,weakrand,330,False,False,,False,TN
BenchmarkTest00987,weakrand,330,False,False,,False,TN
BenchmarkTest00988,weakrand,330,False,False,,False,TN
BenchmarkTest00989,weakrand,330,False,False,,False,TN
BenchmarkTest00990,weakrand,330,False,False,,False,TN
BenchmarkTest00991,trustbound,501,True,False,,False,FN
BenchmarkTest00992,trustbound,501,False,False,,False,TN
BenchmarkTest00993,trustbound,501,False,False,,False,TN
BenchmarkTest00994,trustbound,501,True,False,,False,FN
BenchmarkTest00995,trustbound,501,True,False,,False,FN
BenchmarkTest00996,sqli,89,True,True,,False,FN
BenchmarkTest00997,sqli,89,True,True,,False,FN
BenchmarkTest00998,sqli,89,True,True,,False,FN
BenchmarkTest00999,sqli,89,False,True,,False,TN
BenchmarkTest01000,sqli,89,True,True,,False,FN
BenchmarkTest01001,sqli,89,False,True,,False,TN
BenchmarkTest01002,sqli,89,True,True,,False,FN
BenchmarkTest01003,sqli,89,True,True,,False,FN
BenchmarkTest01004,sqli,89,True,True,,False,FN
BenchmarkTest01005,sqli,89,True,True,,False,FN
BenchmarkTest01006,sqli,89,True,True,,False,FN
BenchmarkTest01007,sqli,89,True,True,,False,FN
BenchmarkTest01008,sqli,89,True,True,,False,FN
BenchmarkTest01009,sqli,89,True,True,,False,FN
BenchmarkTest01010,sqli,89,False,True,,False,TN
BenchmarkTest01011,sqli,89,True,True,,False,FN
BenchmarkTest01012,sqli,89,False,True,,False,TN
BenchmarkTest01013,xpathi,643,False,False,,False,TN
BenchmarkTest01014,xpathi,643,False,False,,False,TN
BenchmarkTest01015,crypto,327,True,False,,False,FN
BenchmarkTest01016,crypto,327,True,False,,False,FN
BenchmarkTest01017,crypto,327,True,False,,False,FN
BenchmarkTest01018,crypto,327,True,False,,False,FN
BenchmarkTest01019,crypto,327,False,False,,False,TN
BenchmarkTest01020,crypto,327,True,False,,False,FN
BenchmarkTest01021,crypto,327,False,False,,False,TN
BenchmarkTest01022,crypto,327,False,False,,False,TN
BenchmarkTest01023,ldapi,90,True,False,,False,FN
BenchmarkTest01024,ldapi,90,False,False,,False,TN
BenchmarkTest01025,pathtraver,22,True,True,,False,FN
BenchmarkTest01026,pathtraver,22,False,True,,False,TN
BenchmarkTest01027,pathtraver,22,False,True,,False,TN
BenchmarkTest01028,pathtraver,22,False,True,,False,TN
BenchmarkTest01029,pathtraver,22,True,True,,False,FN
BenchmarkTest01030,pathtraver,22,False,True,,False,TN
BenchmarkTest01031,pathtraver,22,False,True,,False,TN
BenchmarkTest01032,pathtraver,22,True,True,,False,FN
BenchmarkTest01033,pathtraver,22,True,True,,False,FN
BenchmarkTest01034,pathtraver,22,True,True,,False,FN
BenchmarkTest01035,pathtraver,22,False,True,,False,TN
BenchmarkTest01036,pathtraver,22,False,True,,False,TN
BenchmarkTest01037,hash,328,False,False,,False,TN
BenchmarkTest01038,hash,328,True,False,,False,FN
BenchmarkTest01039,hash,328,False,False,,False,TN
BenchmarkTest01040,hash,328,False,False,,False,TN
BenchmarkTest01041,hash,328,True,False,,False,FN
BenchmarkTest01042,hash,328,True,False,,False,FN
BenchmarkTest01043,hash,328,True,False,,False,FN
BenchmarkTest01044,hash,328,True,False,,False,FN
BenchmarkTest01045,hash,328,False,False,,False,TN
BenchmarkTest01046,xss,79,True,True,,False,FN
BenchmarkTest01047,xss,79,True,True,,False,FN
BenchmarkTest01048,xss,79,False,True,,False,TN
BenchmarkTest01049,xss,79,True,True,,False,FN
BenchmarkTest01050,xss,79,True,True,,False,FN
BenchmarkTest01051,xss,79,False,True,,False,TN
BenchmarkTest01052,xss,79,False,True,,False,TN
BenchmarkTest01053,xss,79,False,True,,False,TN
BenchmarkTest01054,xss,79,False,True,,False,TN
BenchmarkTest01055,xss,79,True,True,,False,FN
BenchmarkTest01056,xss,79,True,True,,False,FN
BenchmarkTest01057,xss,79,True,True,,False,FN
BenchmarkTest01058,weakrand,330,True,False,,False,FN
BenchmarkTest01059,weakrand,330,True,False,,False,FN
BenchmarkTest01060,weakrand,330,True,False,,False,FN
BenchmarkTest01061,securecookie,614,True,False,,False,FN
BenchmarkTest01062,securecookie,614,False,False,,False,TN
BenchmarkTest01063,xss,79,True,True,,False,FN
BenchmarkTest01064,cmdi,78,True,True,,False,FN
BenchmarkTest01065,cmdi,78,False,True,,False,TN
BenchmarkTest01066,cmdi,78,True,True,,False,FN
BenchmarkTest01067,cmdi,78,False,True,,False,TN
BenchmarkTest01068,cmdi,78,False,True,,False,TN
BenchmarkTest01069,weakrand,330,False,False,,False,TN
BenchmarkTest01070,weakrand,330,False,False,,False,TN
BenchmarkTest01071,weakrand,330,False,False,,False,TN
BenchmarkTest01072,weakrand,330,False,False,,False,TN
BenchmarkTest01073,weakrand,330,False,False,,False,TN
BenchmarkTest01074,weakrand,330,False,False,,False,TN
BenchmarkTest01075,weakrand,330,False,False,,False,TN
BenchmarkTest01076,weakrand,330,False,False,,False,TN
BenchmarkTest01077,weakrand,330,False,False,,False,TN
BenchmarkTest01078,weakrand,330,False,False,,False,TN
BenchmarkTest01079,weakrand,330,False,False,,False,TN
BenchmarkTest01080,trustbound,501,False,False,,False,TN
BenchmarkTest01081,trustbound,501,True,False,,False,FN
BenchmarkTest01082,trustbound,501,True,False,,False,FN
BenchmarkTest01083,sqli,89,True,True,,False,FN
BenchmarkTest01084,sqli,89,True,True,,False,FN
BenchmarkTest01085,sqli,89,False,True,,False,TN
BenchmarkTest01086,sqli,89,False,True,,False,TN
BenchmarkTest01087,sqli,89,True,True,,False,FN
BenchmarkTest01088,sqli,89,True,True,,False,FN
BenchmarkTest01089,sqli,89,False,True,,False,TN
BenchmarkTest01090,sqli,89,True,True,,False,FN
BenchmarkTest01091,sqli,89,True,True,,False,FN
BenchmarkTest01092,sqli,89,False,True,,False,TN
BenchmarkTest01093,sqli,89,True,True,,False,FN
BenchmarkTest01094,sqli,89,True,True,,False,FN
BenchmarkTest01095,sqli,89,False,True,,False,TN
BenchmarkTest01096,sqli,89,False,True,,False,TN
BenchmarkTest01097,sqli,89,True,True,,False,FN
BenchmarkTest01098,sqli,89,False,True,,False,TN
BenchmarkTest01099,crypto,327,True,False,,False,FN
BenchmarkTest01100,crypto,327,False,False,,False,TN
BenchmarkTest01101,crypto,327,False,False,,False,TN
BenchmarkTest01102,crypto,327,True,False,,False,FN
BenchmarkTest01103,crypto,327,True,False,,False,FN
BenchmarkTest01104,crypto,327,False,False,,False,TN
BenchmarkTest01105,crypto,327,True,False,,False,FN
BenchmarkTest01106,crypto,327,True,False,,False,FN
BenchmarkTest01107,crypto,327,True,False,,False,FN
BenchmarkTest01108,crypto,327,False,False,,False,TN
BenchmarkTest01109,pathtraver,22,False,True,,False,TN
BenchmarkTest01110,pathtraver,22,False,True,,False,TN
BenchmarkTest01111,pathtraver,22,True,True,,False,FN
BenchmarkTest01112,pathtraver,22,True,True,,False,FN
BenchmarkTest01113,pathtraver,22,False,True,,False,TN
BenchmarkTest01114,pathtraver,22,False,True,,False,TN
BenchmarkTest01115,pathtraver,22,False,True,,False,TN
BenchmarkTest01116,pathtraver,22,True,True,,False,FN
BenchmarkTest01117,pathtraver,22,True,True,,False,FN
BenchmarkTest01118,pathtraver,22,False,True,,False,TN
BenchmarkTest01119,weakrand,330,True,False,,False,FN
BenchmarkTest01120,hash,328,False,False,,False,TN
BenchmarkTest01121,hash,328,False,False,,False,TN
BenchmarkTest01122,hash,328,False,False,,False,TN
BenchmarkTest01123,hash,328,True,False,,False,FN
BenchmarkTest01124,hash,328,True,False,,False,FN
BenchmarkTest01125,hash,328,False,False,,False,TN
BenchmarkTest01126,hash,328,False,False,,False,TN
BenchmarkTest01127,weakrand,330,True,False,,False,FN
BenchmarkTest01128,weakrand,330,True,False,,False,FN
BenchmarkTest01129,weakrand,330,True,False,,False,FN
BenchmarkTest01130,weakrand,330,True,False,,False,FN
BenchmarkTest01131,weakrand,330,True,False,,False,FN
BenchmarkTest01132,weakrand,330,True,False,,False,FN
BenchmarkTest01133,weakrand,330,True,False,,False,FN
BenchmarkTest01134,securecookie,614,True,False,,False,FN
BenchmarkTest01135,weakrand,330,False,False,,False,TN
BenchmarkTest01136,weakrand,330,False,False,,False,TN
BenchmarkTest01137,weakrand,330,False,False,,False,TN
BenchmarkTest01138,weakrand,330,False,False,,False,TN
BenchmarkTest01139,weakrand,330,False,False,,False,TN
BenchmarkTest01140,weakrand,330,False,False,,False,TN
BenchmarkTest01141,weakrand,330,False,False,,False,TN
BenchmarkTest01142,trustbound,501,False,False,,False,TN
BenchmarkTest01143,trustbound,501,True,False,,False,FN
BenchmarkTest01144,trustbound,501,False,False,,False,TN
BenchmarkTest01145,trustbound,501,False,False,,False,TN
BenchmarkTest01146,trustbound,501,False,False,,False,TN
BenchmarkTest01147,crypto,327,False,False,,False,TN
BenchmarkTest01148,crypto,327,True,False,,False,FN
BenchmarkTest01149,crypto,327,True,False,,False,FN
BenchmarkTest01150,crypto,327,True,False,,False,FN
BenchmarkTest01151,crypto,327,False,False,,False,TN
BenchmarkTest01152,crypto,327,False,False,,False,TN
BenchmarkTest01153,crypto,327,False,False,,False,TN
BenchmarkTest01154,ldapi,90,False,False,,False,TN
BenchmarkTest01155,pathtraver,22,True,True,,False,FN
BenchmarkTest01156,pathtraver,22,True,True,,False,FN
BenchmarkTest01157,pathtraver,22,True,True,,False,FN
BenchmarkTest01158,pathtraver,22,False,True,,False,TN
BenchmarkTest01159,pathtraver,22,False,True,,False,TN
BenchmarkTest01160,pathtraver,22,False,True,,False,TN
BenchmarkTest01161,pathtraver,22,True,True,,False,FN
BenchmarkTest01162,weakrand,330,True,False,,False,FN
BenchmarkTest01163,weakrand,330,True,False,,False,FN
BenchmarkTest01164,hash,328,False,False,,False,TN
BenchmarkTest01165,hash,328,True,False,,False,FN
BenchmarkTest01166,hash,328,True,False,,False,FN
BenchmarkTest01167,hash,328,True,False,,False,FN
BenchmarkTest01168,hash,328,True,False,,False,FN
BenchmarkTest01169,hash,328,False,False,,False,TN
BenchmarkTest01170,hash,328,False,False,,False,TN
BenchmarkTest01171,xss,79,True,True,,False,FN
BenchmarkTest01172,xss,79,True,True,,False,FN
BenchmarkTest01173,xss,79,True,True,,False,FN
BenchmarkTest01174,xss,79,True,True,,False,FN
BenchmarkTest01175,xss,79,False,True,,False,TN
BenchmarkTest01176,xss,79,False,True,,False,TN
BenchmarkTest01177,xss,79,True,True,,False,FN
BenchmarkTest01178,xss,79,True,True,,False,FN
BenchmarkTest01179,xss,79,True,True,,False,FN
BenchmarkTest01180,xss,79,False,True,,False,TN
BenchmarkTest01181,xss,79,True,True,,False,FN
BenchmarkTest01182,cmdi,78,False,True,,False,TN
BenchmarkTest01183,weakrand,330,True,False,,False,FN
BenchmarkTest01184,weakrand,330,True,False,,False,FN
BenchmarkTest01185,securecookie,614,True,False,,False,FN
BenchmarkTest01186,securecookie,614,True,False,,False,FN
BenchmarkTest01187,securecookie,614,True,False,,False,FN
BenchmarkTest01188,xss,79,False,True,,False,TN
BenchmarkTest01189,cmdi,78,False,True,,False,TN
BenchmarkTest01190,cmdi,78,True,True,,False,FN
BenchmarkTest01191,cmdi,78,True,True,,False,FN
BenchmarkTest01192,cmdi,78,True,True,,False,FN
BenchmarkTest01193,cmdi,78,False,True,,False,TN
BenchmarkTest01194,cmdi,78,True,True,,False,FN
BenchmarkTest01195,weakrand,330,False,False,,False,TN
BenchmarkTest01196,weakrand,330,False,False,,False,TN
BenchmarkTest01197,weakrand,330,False,False,,False,TN
BenchmarkTest01198,weakrand,330,False,False,,False,TN
BenchmarkTest01199,weakrand,330,False,False,,False,TN
BenchmarkTest01200,weakrand,330,False,False,,False,TN
BenchmarkTest01201,weakrand,330,False,False,,False,TN
BenchmarkTest01202,weakrand,330,False,False,,False,TN
BenchmarkTest01203,trustbound,501,True,False,,False,FN
BenchmarkTest01204,trustbound,501,True,False,,False,FN
BenchmarkTest01205,trustbound,501,False,False,,False,TN
BenchmarkTest01206,trustbound,501,True,False,,False,FN
BenchmarkTest01207,trustbound,501,False,False,,False,TN
BenchmarkTest01208,sqli,89,True,True,,False,FN
BenchmarkTest01209,sqli,89,True,True,,False,FN
BenchmarkTest01210,sqli,89,True,True,,False,FN
BenchmarkTest01211,sqli,89,True,True,,False,FN
BenchmarkTest01212,sqli,89,False,True,,False,TN
BenchmarkTest01213,sqli,89,False,True,,False,TN
BenchmarkTest01214,sqli,89,True,True,,False,FN
BenchmarkTest01215,sqli,89,False,True,,False,TN
BenchmarkTest01216,sqli,89,False,True,,False,TN
BenchmarkTest01217,sqli,89,False,True,,False,TN
BenchmarkTest01218,sqli,89,False,True,,False,TN
BenchmarkTest01219,sqli,89,False,True,,False,TN
BenchmarkTest01220,sqli,89,False,True,,False,TN
BenchmarkTest01221,sqli,89,True,True,,False,FN
BenchmarkTest01222,sqli,89,True,True,,False,FN
BenchmarkTest01223,xpathi,643,True,False,,False,FN
BenchmarkTest01224,xpathi,643,True,False,,False,FN
BenchmarkTest01225,xpathi,643,False,False,,False,TN
BenchmarkTest01226,crypto,327,False,False,,False,TN
BenchmarkTest01227,crypto,327,False,False,,False,TN
BenchmarkTest01228,crypto,327,True,False,,False,FN
BenchmarkTest01229,crypto,327,True,False,,False,FN
BenchmarkTest01230,crypto,327,True,False,,False,FN
BenchmarkTest01231,pathtraver,22,True,True,,False,FN
BenchmarkTest01232,pathtraver,22,True,True,,False,FN
BenchmarkTest01233,pathtraver,22,False,True,,False,TN
BenchmarkTest01234,pathtraver,22,True,True,,False,FN
BenchmarkTest01235,pathtraver,22,True,True,,False,FN
BenchmarkTest01236,pathtraver,22,True,True,,False,FN
BenchmarkTest01237,pathtraver,22,False,True,,False,TN
BenchmarkTest01238,pathtraver,22,True,True,,False,FN
BenchmarkTest01239,pathtraver,22,False,True,,False,TN
BenchmarkTest01240,pathtraver,22,False,True,,False,TN
BenchmarkTest01241,ldapi,90,True,False,,False,FN
BenchmarkTest01242,ldapi,90,True,False,,False,FN
BenchmarkTest01243,ldapi,90,True,False,,False,FN
BenchmarkTest01244,hash,328,True,False,,False,FN
BenchmarkTest01245,hash,328,False,False,,False,TN
BenchmarkTest01246,hash,328,True,False,,False,FN
BenchmarkTest01247,hash,328,True,False,,False,FN
BenchmarkTest01248,hash,328,True,False,,False,FN
BenchmarkTest01249,hash,328,False,False,,False,TN
BenchmarkTest01250,hash,328,False,False,,False,TN
BenchmarkTest01251,xss,79,False,True,,False,TN
BenchmarkTest01252,xss,79,False,True,,False,TN
BenchmarkTest01253,xss,79,True,True,,False,FN
BenchmarkTest01254,xss,79,True,True,,False,FN
BenchmarkTest01255,xss,79,False,True,,False,TN
BenchmarkTest01256,xss,79,False,True,,False,TN
BenchmarkTest01257,xss,79,True,True,,False,FN
BenchmarkTest01258,xss,79,True,True,,False,FN
BenchmarkTest01259,xss,79,True,True,,False,FN
BenchmarkTest01260,xss,79,True,True,,False,FN
BenchmarkTest01261,xss,79,True,True,,False,FN
BenchmarkTest01262,xss,79,True,True,,False,FN
BenchmarkTest01263,xss,79,True,True,,False,FN
BenchmarkTest01264,xss,79,False,True,,False,TN
BenchmarkTest01265,xss,79,False,True,,False,TN
BenchmarkTest01266,xss,79,True,True,,False,FN
BenchmarkTest01267,xss,79,True,True,,False,FN
BenchmarkTest01268,xss,79,True,True,,False,FN
BenchmarkTest01269,cmdi,78,False,True,,False,TN
BenchmarkTest01270,cmdi,78,True,True,,False,FN
BenchmarkTest01271,weakrand,330,True,False,,False,FN
BenchmarkTest01272,weakrand,330,True,False,,False,FN
BenchmarkTest01273,weakrand,330,True,False,,False,FN
BenchmarkTest01274,weakrand,330,True,False,,False,FN
BenchmarkTest01275,weakrand,330,True,False,,False,FN
BenchmarkTest01276,weakrand,330,True,False,,False,FN
BenchmarkTest01277,weakrand,330,True,False,,False,FN
BenchmarkTest01278,weakrand,330,True,False,,False,FN
BenchmarkTest01279,weakrand,330,True,False,,False,FN
BenchmarkTest01280,securecookie,614,True,False,,False,FN
BenchmarkTest01281,securecookie,614,True,False,,False,FN
BenchmarkTest01282,securecookie,614,True,False,,False,FN
BenchmarkTest01283,securecookie,614,True,False,,False,FN
BenchmarkTest01284,xss,79,True,True,,False,FN
BenchmarkTest01285,cmdi,78,True,True,,False,FN
BenchmarkTest01286,cmdi,78,True,True,,False,FN
BenchmarkTest01287,cmdi,78,True,True,,False,FN
BenchmarkTest01288,cmdi,78,True,True,,False,FN
BenchmarkTest01289,cmdi,78,False,True,,False,TN
BenchmarkTest01290,cmdi,78,False,True,,False,TN
BenchmarkTest01291,weakrand,330,False,False,,False,TN
BenchmarkTest01292,weakrand,330,False,False,,False,TN
BenchmarkTest01293,weakrand,330,False,False,,False,TN
BenchmarkTest01294,weakrand,330,False,False,,False,TN
BenchmarkTest01295,weakrand,330,False,False,,False,TN
BenchmarkTest01296,weakrand,330,False,False,,False,TN
BenchmarkTest01297,weakrand,330,False,False,,False,TN
BenchmarkTest01298,weakrand,330,False,False,,False,TN
BenchmarkTest01299,trustbound,501,True,False,,False,FN
BenchmarkTest01300,trustbound,501,False,False,,False,TN
BenchmarkTest01301,sqli,89,False,True,,False,TN
BenchmarkTest01302,sqli,89,True,True,,False,FN
BenchmarkTest01303,sqli,89,False,True,,False,TN
BenchmarkTest01304,sqli,89,True,True,,False,FN
BenchmarkTest01305,sqli,89,False,True,,False,TN
BenchmarkTest01306,sqli,89,True,True,,False,FN
BenchmarkTest01307,sqli,89,False,True,,False,TN
BenchmarkTest01308,sqli,89,True,True,,False,FN
BenchmarkTest01309,sqli,89,False,True,,False,TN
BenchmarkTest01310,sqli,89,False,True,,False,TN
BenchmarkTest01311,sqli,89,True,True,,False,FN
BenchmarkTest01312,sqli,89,True,True,,False,FN
BenchmarkTest01313,sqli,89,True,True,,False,FN
BenchmarkTest01314,sqli,89,True,True,,False,FN
BenchmarkTest01315,sqli,89,False,True,,False,TN
BenchmarkTest01316,xpathi,643,True,False,,False,FN
BenchmarkTest01317,crypto,327,True,False,,False,FN
BenchmarkTest01318,crypto,327,True,False,,False,FN
BenchmarkTest01319,crypto,327,False,False,,False,TN
BenchmarkTest01320,crypto,327,True,False,,False,FN
BenchmarkTest01321,crypto,327,False,False,,False,TN
BenchmarkTest01322,crypto,327,True,False,,False,FN
BenchmarkTest01323,crypto,327,True,False,,False,FN
BenchmarkTest01324,crypto,327,False,False,,False,TN
BenchmarkTest01325,crypto,327,True,False,,False,FN
BenchmarkTest01326,ldapi,90,True,False,,False,FN
BenchmarkTest01327,ldapi,90,False,False,,False,TN
BenchmarkTest01328,pathtraver,22,False,True,,False,TN
BenchmarkTest01329,pathtraver,22,True,True,,False,FN
BenchmarkTest01330,pathtraver,22,True,True,,False,FN
BenchmarkTest01331,pathtraver,22,False,True,,False,TN
BenchmarkTest01332,hash,328,False,False,,False,TN
BenchmarkTest01333,hash,328,True,False,,False,FN
BenchmarkTest01334,hash,328,True,False,,False,FN
BenchmarkTest01335,xss,79,True,True,,False,FN
BenchmarkTest01336,xss,79,False,True,,False,TN
BenchmarkTest01337,xss,79,True,True,,False,FN
BenchmarkTest01338,xss,79,False,True,,False,TN
BenchmarkTest01339,xss,79,False,True,,False,TN
BenchmarkTest01340,xss,79,False,True,,False,TN
BenchmarkTest01341,xss,79,False,True,,False,TN
BenchmarkTest01342,xss,79,False,True,,False,TN
BenchmarkTest01343,xss,79,False,True,,False,TN
BenchmarkTest01344,xss,79,False,True,,False,TN
BenchmarkTest01345,xss,79,False,True,,False,TN
BenchmarkTest01346,xss,79,True,True,,False,FN
BenchmarkTest01347,xss,79,True,True,,False,FN
BenchmarkTest01348,xss,79,False,True,,False,TN
BenchmarkTest01349,xss,79,True,True,,False,FN
BenchmarkTest01350,xss,79,True,True,,False,FN
BenchmarkTest01351,xss,79,False,True,,False,TN
BenchmarkTest01352,xss,79,False,True,,False,TN
BenchmarkTest01353,cmdi,78,False,True,,False,TN
BenchmarkTest01354,weakrand,330,True,False,,False,FN
BenchmarkTest01355,weakrand,330,True,False,,False,FN
BenchmarkTest01356,weakrand,330,True,False,,False,FN
BenchmarkTest01357,weakrand,330,True,False,,False,FN
BenchmarkTest01358,weakrand,330,True,False,,False,FN
BenchmarkTest01359,securecookie,614,False,False,,False,TN
BenchmarkTest01360,cmdi,78,True,True,,False,FN
BenchmarkTest01361,cmdi,78,True,True,,False,FN
BenchmarkTest01362,cmdi,78,True,True,,False,FN
BenchmarkTest01363,cmdi,78,True,True,,False,FN
BenchmarkTest01364,cmdi,78,False,True,,False,TN
BenchmarkTest01365,cmdi,78,False,True,,False,TN
BenchmarkTest01366,weakrand,330,False,False,,False,TN
BenchmarkTest01367,weakrand,330,False,False,,False,TN
BenchmarkTest01368,weakrand,330,False,False,,False,TN
BenchmarkTest01369,weakrand,330,False,False,,False,TN
BenchmarkTest01370,weakrand,330,False,False,,False,TN
BenchmarkTest01371,weakrand,330,False,False,,False,TN
BenchmarkTest01372,weakrand,330,False,False,,False,TN
BenchmarkTest01373,weakrand,330,False,False,,False,TN
BenchmarkTest01374,trustbound,501,True,False,,False,FN
BenchmarkTest01375,trustbound,501,True,False,,False,FN
BenchmarkTest01376,trustbound,501,True,False,,False,FN
BenchmarkTest01377,trustbound,501,False,False,,False,TN
BenchmarkTest01378,sqli,89,False,True,,False,TN
BenchmarkTest01379,sqli,89,True,True,,False,FN
BenchmarkTest01380,sqli,89,False,True,,False,TN
BenchmarkTest01381,sqli,89,True,True,,False,FN
BenchmarkTest01382,sqli,89,True,True,,False,FN
BenchmarkTest01383,sqli,89,True,True,,False,FN
BenchmarkTest01384,sqli,89,True,True,,False,FN
BenchmarkTest01385,sqli,89,False,True,,False,TN
BenchmarkTest01386,sqli,89,False,True,,False,TN
BenchmarkTest01387,sqli,89,False,True,,False,TN
BenchmarkTest01388,sqli,89,True,True,,False,FN
BenchmarkTest01389,sqli,89,False,True,,False,TN
BenchmarkTest01390,sqli,89,True,True,,False,FN
BenchmarkTest01391,sqli,89,True,True,,False,FN
BenchmarkTest01392,sqli,89,False,True,,False,TN
BenchmarkTest01393,sqli,89,False,True,,False,TN
BenchmarkTest01394,sqli,89,True,True,,False,FN
BenchmarkTest01395,sqli,89,True,True,,False,FN
BenchmarkTest01396,sqli,89,True,True,,False,FN
BenchmarkTest01397,xpathi,643,False,False,,False,TN
BenchmarkTest01398,crypto,327,True,False,,False,FN
BenchmarkTest01399,crypto,327,False,False,,False,TN
BenchmarkTest01400,crypto,327,False,False,,False,TN
BenchmarkTest01401,crypto,327,False,False,,False,TN
BenchmarkTest01402,ldapi,90,False,False,,False,TN
BenchmarkTest01403,pathtraver,22,True,True,,False,FN
BenchmarkTest01404,pathtraver,22,False,True,,False,TN
BenchmarkTest01405,pathtraver,22,True,True,,False,FN
BenchmarkTest01406,pathtraver,22,False,True,,False,TN
BenchmarkTest01407,pathtraver,22,False,True,,False,TN
BenchmarkTest01408,pathtraver,22,True,True,,False,FN
BenchmarkTest01409,pathtraver,22,False,True,,False,TN
BenchmarkTest01410,hash,328,False,False,,False,TN
BenchmarkTest01411,hash,328,True,False,,False,FN
BenchmarkTest01412,hash,328,False,False,,False,TN
BenchmarkTest01413,hash,328,False,False,,False,TN
BenchmarkTest01414,hash,328,True,False,,False,FN
BenchmarkTest01415,hash,328,True,False,,False,FN
BenchmarkTest01416,hash,328,True,False,,False,FN
BenchmarkTest01417,xss,79,True,True,,False,FN
BenchmarkTest01418,xss,79,True,True,,False,FN
BenchmarkTest01419,xss,79,False,True,,False,TN
BenchmarkTest01420,xss,79,False,True,,False,TN
BenchmarkTest01421,xss,79,False,True,,False,TN
BenchmarkTest01422,xss,79,False,True,,False,TN
BenchmarkTest01423,xss,79,True,True,,False,FN
BenchmarkTest01424,xss,79,True,True,,False,FN
BenchmarkTest01425,xss,79,False,True,,False,TN
BenchmarkTest01426,xss,79,True,True,,False,FN
BenchmarkTest01427,xss,79,True,True,,False,FN
BenchmarkTest01428,xss,79,True,True,,False,FN
BenchmarkTest01429,xss,79,True,True,,False,FN
BenchmarkTest01430,cmdi,78,True,True,,False,FN
BenchmarkTest01431,weakrand,330,True,False,,False,FN
BenchmarkTest01432,weakrand,330,True,False,,False,FN
BenchmarkTest01433,weakrand,330,True,False,,False,FN
BenchmarkTest01434,weakrand,330,True,False,,False,FN
BenchmarkTest01435,weakrand,330,True,False,,False,FN
BenchmarkTest01436,securecookie,614,False,False,,False,TN
BenchmarkTest01437,xss,79,True,True,,False,FN
BenchmarkTest01438,xss,79,True,True,,False,FN
BenchmarkTest01439,xss,79,False,True,,False,TN
BenchmarkTest01440,cmdi,78,False,True,,False,TN
BenchmarkTest01441,cmdi,78,True,True,,False,FN
BenchmarkTest01442,cmdi,78,True,True,,False,FN
BenchmarkTest01443,cmdi,78,False,True,,False,TN
BenchmarkTest01444,cmdi,78,False,True,,False,TN
BenchmarkTest01445,cmdi,78,False,True,,False,TN
BenchmarkTest01446,cmdi,78,True,True,,False,FN
BenchmarkTest01447,weakrand,330,False,False,,False,TN
BenchmarkTest01448,weakrand,330,False,False,,False,TN
BenchmarkTest01449,weakrand,330,False,False,,False,TN
BenchmarkTest01450,weakrand,330,False,False,,False,TN
BenchmarkTest01451,weakrand,330,False,False,,False,TN
BenchmarkTest01452,weakrand,330,False,False,,False,TN
BenchmarkTest01453,weakrand,330,False,False,,False,TN
BenchmarkTest01454,trustbound,501,False,False,,False,TN
BenchmarkTest01455,trustbound,501,True,False,,False,FN
BenchmarkTest01456,trustbound,501,True,False,,False,FN
BenchmarkTest01457,trustbound,501,True,False,,False,FN
BenchmarkTest01458,trustbound,501,True,False,,False,FN
BenchmarkTest01459,sqli,89,False,True,,False,TN
BenchmarkTest01460,sqli,89,True,True,,False,FN
BenchmarkTest01461,sqli,89,False,True,,False,TN
BenchmarkTest01462,sqli,89,True,True,,False,FN
BenchmarkTest01463,sqli,89,True,True,,False,FN
BenchmarkTest01464,sqli,89,True,True,,False,FN
BenchmarkTest01465,sqli,89,True,True,,False,FN
BenchmarkTest01466,sqli,89,True,True,,False,FN
BenchmarkTest01467,sqli,89,False,True,,False,TN
BenchmarkTest01468,sqli,89,False,True,,False,TN
BenchmarkTest01469,sqli,89,False,True,,False,TN
BenchmarkTest01470,sqli,89,True,True,,False,FN
BenchmarkTest01471,sqli,89,True,True,,False,FN
BenchmarkTest01472,sqli,89,False,True,,False,TN
BenchmarkTest01473,sqli,89,True,True,,False,FN
BenchmarkTest01474,sqli,89,True,True,,False,FN
BenchmarkTest01475,sqli,89,True,True,,False,FN
BenchmarkTest01476,sqli,89,True,True,,False,FN
BenchmarkTest01477,sqli,89,True,True,,False,FN
BenchmarkTest01478,xpathi,643,True,False,,False,FN
BenchmarkTest01479,xpathi,643,False,False,,False,TN
BenchmarkTest01480,crypto,327,True,False,,False,FN
BenchmarkTest01481,crypto,327,False,False,,False,TN
BenchmarkTest01482,crypto,327,False,False,,False,TN
BenchmarkTest01483,crypto,327,True,False,,False,FN
BenchmarkTest01484,crypto,327,True,False,,False,FN
BenchmarkTest01485,crypto,327,False,False,,False,TN
BenchmarkTest01486,crypto,327,True,False,,False,FN
BenchmarkTest01487,crypto,327,False,False,,False,TN
BenchmarkTest01488,crypto,327,False,False,,False,TN
BenchmarkTest01489,crypto,327,True,False,,False,FN
BenchmarkTest01490,ldapi,90,True,False,,False,FN
BenchmarkTest01491,ldapi,90,False,False,,False,TN
BenchmarkTest01492,ldapi,90,False,False,,False,TN
BenchmarkTest01493,pathtraver,22,False,True,,False,TN
BenchmarkTest01494,pathtraver,22,True,True,,False,FN
BenchmarkTest01495,pathtraver,22,True,True,,False,FN
BenchmarkTest01496,pathtraver,22,True,True,,False,FN
BenchmarkTest01497,pathtraver,22,True,True,,False,FN
BenchmarkTest01498,pathtraver,22,True,True,,False,FN
BenchmarkTest01499,pathtraver,22,False,True,,False,TN
BenchmarkTest01500,pathtraver,22,True,True,,False,FN
BenchmarkTest01501,ldapi,90,True,False,,False,FN
BenchmarkTest01502,weakrand,330,True,False,,False,FN
BenchmarkTest01503,hash,328,True,False,,False,FN
BenchmarkTest01504,hash,328,True,False,,False,FN
BenchmarkTest01505,xss,79,True,True,,False,FN
BenchmarkTest01506,xss,79,True,True,,False,FN
BenchmarkTest01507,xss,79,True,True,,False,FN
BenchmarkTest01508,xss,79,False,True,,False,TN
BenchmarkTest01509,xss,79,True,True,,False,FN
BenchmarkTest01510,xss,79,True,True,,False,FN
BenchmarkTest01511,xss,79,True,True,,False,FN
BenchmarkTest01512,xss,79,True,True,,False,FN
BenchmarkTest01513,xss,79,False,True,,False,TN
BenchmarkTest01514,xss,79,False,True,,False,TN
BenchmarkTest01515,xss,79,False,True,,False,TN
BenchmarkTest01516,cmdi,78,False,True,,False,TN
BenchmarkTest01517,cmdi,78,True,True,,False,FN
BenchmarkTest01518,weakrand,330,True,False,,False,FN
BenchmarkTest01519,weakrand,330,True,False,,False,FN
BenchmarkTest01520,weakrand,330,True,False,,False,FN
BenchmarkTest01521,securecookie,614,True,False,,False,FN
BenchmarkTest01522,securecookie,614,False,False,,False,TN
BenchmarkTest01523,securecookie,614,False,False,,False,TN
BenchmarkTest01524,securecookie,614,False,False,,False,TN
BenchmarkTest01525,xss,79,True,True,,False,FN
BenchmarkTest01526,cmdi,78,False,True,,False,TN
BenchmarkTest01527,cmdi,78,False,True,,False,TN
BenchmarkTest01528,cmdi,78,False,True,,False,TN
BenchmarkTest01529,cmdi,78,False,True,,False,TN
BenchmarkTest01530,cmdi,78,False,True,,False,TN
BenchmarkTest01531,cmdi,78,True,True,,False,FN
BenchmarkTest01532,cmdi,78,False,True,,False,TN
BenchmarkTest01533,cmdi,78,True,True,,False,FN
BenchmarkTest01534,weakrand,330,False,False,,False,TN
BenchmarkTest01535,weakrand,330,False,False,,False,TN
BenchmarkTest01536,weakrand,330,False,False,,False,TN
BenchmarkTest01537,weakrand,330,False,False,,False,TN
BenchmarkTest01538,weakrand,330,False,False,,False,TN
BenchmarkTest01539,weakrand,330,False,False,,False,TN
BenchmarkTest01540,weakrand,330,False,False,,False,TN
BenchmarkTest01541,weakrand,330,False,False,,False,TN
BenchmarkTest01542,weakrand,330,False,False,,False,TN
BenchmarkTest01543,weakrand,330,False,False,,False,TN
BenchmarkTest01544,weakrand,330,False,False,,False,TN
BenchmarkTest01545,weakrand,330,False,False,,False,TN
BenchmarkTest01546,trustbound,501,True,False,,False,FN
BenchmarkTest01547,trustbound,501,True,False,,False,FN
BenchmarkTest01548,trustbound,501,True,False,,False,FN
BenchmarkTest01549,trustbound,501,True,False,,False,FN
BenchmarkTest01550,trustbound,501,True,False,,False,FN
BenchmarkTest01551,trustbound,501,True,False,,False,FN
BenchmarkTest01552,sqli,89,True,True,,False,FN
BenchmarkTest01553,sqli,89,False,True,,False,TN
BenchmarkTest01554,sqli,89,True,True,,False,FN
BenchmarkTest01555,sqli,89,False,True,,False,TN
BenchmarkTest01556,sqli,89,False,True,,False,TN
BenchmarkTest01557,sqli,89,True,True,,False,FN
BenchmarkTest01558,sqli,89,True,True,,False,FN
BenchmarkTest01559,sqli,89,True,True,,False,FN
BenchmarkTest01560,sqli,89,True,True,,False,FN
BenchmarkTest01561,xpathi,643,True,False,,False,FN
BenchmarkTest01562,xpathi,643,False,False,,False,TN
BenchmarkTest01563,crypto,327,False,False,,False,TN
BenchmarkTest01564,crypto,327,False,False,,False,TN
BenchmarkTest01565,crypto,327,True,False,,False,FN
BenchmarkTest01566,crypto,327,True,False,,False,FN
BenchmarkTest01567,crypto,327,False,False,,False,TN
BenchmarkTest01568,ldapi,90,True,False,,False,FN
BenchmarkTest01569,ldapi,90,False,False,,False,TN
BenchmarkTest01570,pathtraver,22,False,True,,False,TN
BenchmarkTest01571,pathtraver,22,True,True,,False,FN
BenchmarkTest01572,pathtraver,22,True,True,,False,FN
BenchmarkTest01573,pathtraver,22,False,True,,False,TN
BenchmarkTest01574,pathtraver,22,False,True,,False,TN
BenchmarkTest01575,weakrand,330,True,False,,False,FN
BenchmarkTest01576,hash,328,False,False,,False,TN
BenchmarkTest01577,hash,328,True,False,,False,FN
BenchmarkTest01578,hash,328,False,False,,False,TN
BenchmarkTest01579,hash,328,True,False,,False,FN
BenchmarkTest01580,hash,328,True,False,,False,FN
BenchmarkTest01581,hash,328,False,False,,False,TN
BenchmarkTest01582,hash,328,False,False,,False,TN
BenchmarkTest01583,xss,79,True,True,,False,FN
BenchmarkTest01584,xss,79,True,True,,False,FN
BenchmarkTest01585,xss,79,False,True,,False,TN
BenchmarkTest01586,xss,79,False,True,,False,TN
BenchmarkTest01587,xss,79,True,True,,False,FN
BenchmarkTest01588,xss,79,False,True,,False,TN
BenchmarkTest01589,xss,79,True,True,,False,FN
BenchmarkTest01590,xss,79,True,True,,False,FN
BenchmarkTest01591,xss,79,False,True,,False,TN
BenchmarkTest01592,xss,79,True,True,,False,FN
BenchmarkTest01593,xss,79,False,True,,False,TN
BenchmarkTest01594,xss,79,True,True,,False,FN
BenchmarkTest01595,xss,79,False,True,,False,TN
BenchmarkTest01596,xss,79,True,True,,False,FN
BenchmarkTest01597,xss,79,True,True,,False,FN
BenchmarkTest01598,xss,79,True,True,,False,FN
BenchmarkTest01599,xss,79,False,True,,False,TN
BenchmarkTest01600,cmdi,78,False,True,,False,TN
BenchmarkTest01601,cmdi,78,True,True,,False,FN
BenchmarkTest01602,weakrand,330,True,False,,False,FN
BenchmarkTest01603,weakrand,330,True,False,,False,FN
BenchmarkTest01604,securecookie,614,False,False,,False,TN
BenchmarkTest01605,securecookie,614,False,False,,False,TN
BenchmarkTest01606,cmdi,78,False,True,,False,TN
BenchmarkTest01607,cmdi,78,False,True,,False,TN
BenchmarkTest01608,cmdi,78,False,True,,False,TN
BenchmarkTest01609,cmdi,78,True,True,,False,FN
BenchmarkTest01610,cmdi,78,True,True,,False,FN
BenchmarkTest01611,weakrand,330,False,False,,False,TN
BenchmarkTest01612,weakrand,330,False,False,,False,TN
BenchmarkTest01613,weakrand,330,False,False,,False,TN
BenchmarkTest01614,weakrand,330,False,False,,False,TN
BenchmarkTest01615,trustbound,501,True,False,,False,FN
BenchmarkTest01616,trustbound,501,True,False,,False,FN
BenchmarkTest01617,trustbound,501,True,False,,False,FN
BenchmarkTest01618,trustbound,501,True,False,,False,FN
BenchmarkTest01619,trustbound,501,True,False,,False,FN
BenchmarkTest01620,sqli,89,True,True,,False,FN
BenchmarkTest01621,sqli,89,True,True,,False,FN
BenchmarkTest01622,sqli,89,False,True,,False,TN
BenchmarkTest01623,sqli,89,True,True,,False,FN
BenchmarkTest01624,sqli,89,True,True,,False,FN
BenchmarkTest01625,sqli,89,True,True,,False,FN
BenchmarkTest01626,sqli,89,True,True,,False,FN
BenchmarkTest01627,sqli,89,True,True,,False,FN
BenchmarkTest01628,sqli,89,False,True,,False,TN
BenchmarkTest01629,sqli,89,False,True,,False,TN
BenchmarkTest01630,sqli,89,True,True,,False,FN
BenchmarkTest01631,sqli,89,True,True,,False,FN
BenchmarkTest01632,xpathi,643,False,False,,False,TN
BenchmarkTest01633,xpathi,643,False,False,,False,TN
BenchmarkTest01634,crypto,327,True,False,,False,FN
BenchmarkTest01635,crypto,327,False,False,,False,TN
BenchmarkTest01636,crypto,327,False,False,,False,TN
BenchmarkTest01637,crypto,327,True,False,,False,FN
BenchmarkTest01638,crypto,327,True,False,,False,FN
BenchmarkTest01639,crypto,327,True,False,,False,FN
BenchmarkTest01640,crypto,327,False,False,,False,TN
BenchmarkTest01641,crypto,327,True,False,,False,FN
BenchmarkTest01642,pathtraver,22,True,True,,False,FN
BenchmarkTest01643,pathtraver,22,True,True,,False,FN
BenchmarkTest01644,pathtraver,22,False,True,,False,TN
BenchmarkTest01645,pathtraver,22,True,True,,False,FN
BenchmarkTest01646,pathtraver,22,False,True,,False,TN
BenchmarkTest01647,pathtraver,22,True,True,,False,FN
BenchmarkTest01648,weakrand,330,True,False,,False,FN
BenchmarkTest01649,hash,328,True,False,,False,FN
BenchmarkTest01650,hash,328,True,False,,False,FN
BenchmarkTest01651,hash,328,True,False,,False,FN
BenchmarkTest01652,hash,328,False,False,,False,TN
BenchmarkTest01653,hash,328,True,False,,False,FN
BenchmarkTest01654,hash,328,True,False,,False,FN
BenchmarkTest01655,hash,328,False,False,,False,TN
BenchmarkTest01656,hash,328,False,False,,False,TN
BenchmarkTest01657,xss,79,True,True,,False,FN
BenchmarkTest01658,xss,79,True,True,,False,FN
BenchmarkTest01659,xss,79,False,True,,False,TN
BenchmarkTest01660,xss,79,True,True,,False,FN
BenchmarkTest01661,xss,79,False,True,,False,TN
BenchmarkTest01662,xss,79,True,True,,False,FN
BenchmarkTest01663,xss,79,False,True,,False,TN
BenchmarkTest01664,xss,79,False,True,,False,TN
BenchmarkTest01665,xss,79,True,True,,False,FN
BenchmarkTest01666,xss,79,True,True,,False,FN
BenchmarkTest01667,xss,79,True,True,,False,FN
BenchmarkTest01668,xss,79,False,True,,False,TN
BenchmarkTest01669,xss,79,False,True,,False,TN
BenchmarkTest01670,xss,79,True,True,,False,FN
BenchmarkTest01671,xss,79,False,True,,False,TN
BenchmarkTest01672,cmdi,78,False,True,,False,TN
BenchmarkTest01673,cmdi,78,True,True,,False,FN
BenchmarkTest01674,cmdi,78,True,True,,False,FN
BenchmarkTest01675,weakrand,330,True,False,,False,FN
BenchmarkTest01676,weakrand,330,True,False,,False,FN
BenchmarkTest01677,weakrand,330,True,False,,False,FN
BenchmarkTest01678,weakrand,330,True,False,,False,FN
BenchmarkTest01679,weakrand,330,True,False,,False,FN
BenchmarkTest01680,weakrand,330,True,False,,False,FN
BenchmarkTest01681,weakrand,330,True,False,,False,FN
BenchmarkTest01682,securecookie,614,True,False,,False,FN
BenchmarkTest01683,securecookie,614,True,False,,False,FN
BenchmarkTest01684,securecookie,614,False,False,,False,TN
BenchmarkTest01685,cmdi,78,True,True,,False,FN
BenchmarkTest01686,cmdi,78,False,True,,False,TN
BenchmarkTest01687,cmdi,78,False,True,,False,TN
BenchmarkTest01688,cmdi,78,False,True,,False,TN
BenchmarkTest01689,cmdi,78,True,True,,False,FN
BenchmarkTest01690,cmdi,78,True,True,,False,FN
BenchmarkTest01691,cmdi,78,True,True,,False,FN
BenchmarkTest01692,cmdi,78,False,True,,False,TN
BenchmarkTest01693,cmdi,78,False,True,,False,TN
BenchmarkTest01694,weakrand,330,False,False,,False,TN
BenchmarkTest01695,weakrand,330,False,False,,False,TN
BenchmarkTest01696,weakrand,330,False,False,,False,TN
BenchmarkTest01697,weakrand,330,False,False,,False,TN
BenchmarkTest01698,weakrand,330,False,False,,False,TN
BenchmarkTest01699,weakrand,330,False,False,,False,TN
BenchmarkTest01700,weakrand,330,False,False,,False,TN
BenchmarkTest01701,weakrand,330,False,False,,False,TN
BenchmarkTest01702,weakrand,330,False,False,,False,TN
BenchmarkTest01703,weakrand,330,False,False,,False,TN
BenchmarkTest01704,weakrand,330,False,False,,False,TN
BenchmarkTest01705,weakrand,330,False,False,,False,TN
BenchmarkTest01706,weakrand,330,False,False,,False,TN
BenchmarkTest01707,weakrand,330,False,False,,False,TN
BenchmarkTest01708,trustbound,501,True,False,,False,FN
BenchmarkTest01709,trustbound,501,True,False,,False,FN
BenchmarkTest01710,trustbound,501,True,False,,False,FN
BenchmarkTest01711,trustbound,501,True,False,,False,FN
BenchmarkTest01712,sqli,89,True,True,,False,FN
BenchmarkTest01713,sqli,89,False,True,,False,TN
BenchmarkTest01714,sqli,89,False,True,,False,TN
BenchmarkTest01715,sqli,89,True,True,,False,FN
BenchmarkTest01716,sqli,89,True,True,,False,FN
BenchmarkTest01717,sqli,89,False,True,,False,TN
BenchmarkTest01718,sqli,89,True,True,,False,FN
BenchmarkTest01719,sqli,89,False,True,,False,TN
BenchmarkTest01720,sqli,89,True,True,,False,FN
BenchmarkTest01721,sqli,89,True,True,,False,FN
BenchmarkTest01722,sqli,89,False,True,,False,TN
BenchmarkTest01723,sqli,89,True,True,,False,FN
BenchmarkTest01724,sqli,89,True,True,,False,FN
BenchmarkTest01725,sqli,89,True,True,,False,FN
BenchmarkTest01726,sqli,89,True,True,,False,FN
BenchmarkTest01727,sqli,89,True,True,,False,FN
BenchmarkTest01728,sqli,89,True,True,,False,FN
BenchmarkTest01729,sqli,89,False,True,,False,TN
BenchmarkTest01730,sqli,89,True,True,,False,FN
BenchmarkTest01731,sqli,89,True,True,,False,FN
BenchmarkTest01732,sqli,89,False,True,,False,TN
BenchmarkTest01733,sqli,89,True,True,,False,FN
BenchmarkTest01734,xpathi,643,True,False,,False,FN
BenchmarkTest01735,xpathi,643,False,False,,False,TN
BenchmarkTest01736,xpathi,643,True,False,,False,FN
BenchmarkTest01737,crypto,327,False,False,,False,TN
BenchmarkTest01738,crypto,327,False,False,,False,TN
BenchmarkTest01739,crypto,327,False,False,,False,TN
BenchmarkTest01740,crypto,327,True,False,,False,FN
BenchmarkTest01741,crypto,327,True,False,,False,FN
BenchmarkTest01742,crypto,327,True,False,,False,FN
BenchmarkTest01743,ldapi,90,False,False,,False,TN
BenchmarkTest01744,pathtraver,22,False,True,,False,TN
BenchmarkTest01745,pathtraver,22,False,True,,False,TN
BenchmarkTest01746,pathtraver,22,False,True,,False,TN
BenchmarkTest01747,pathtraver,22,False,True,,False,TN
BenchmarkTest01748,pathtraver,22,False,True,,False,TN
BenchmarkTest01749,pathtraver,22,False,True,,False,TN
BenchmarkTest01750,pathtraver,22,False,True,,False,TN
BenchmarkTest01751,pathtraver,22,False,True,,False,TN
BenchmarkTest01752,pathtraver,22,False,True,,False,TN
BenchmarkTest01753,ldapi,90,False,False,,False,TN
BenchmarkTest01754,ldapi,90,False,False,,False,TN
BenchmarkTest01755,ldapi,90,False,False,,False,TN
BenchmarkTest01756,ldapi,90,False,False,,False,TN
BenchmarkTest01757,hash,328,True,False,,False,FN
BenchmarkTest01758,hash,328,False,False,,False,TN
BenchmarkTest01759,hash,328,False,False,,False,TN
BenchmarkTest01760,hash,328,False,False,,False,TN
BenchmarkTest01761,hash,328,True,False,,False,FN
BenchmarkTest01762,hash,328,False,False,,False,TN
BenchmarkTest01763,hash,328,False,False,,False,TN
BenchmarkTest01764,hash,328,False,False,,False,TN
BenchmarkTest01765,hash,328,True,False,,False,FN
BenchmarkTest01766,hash,328,True,False,,False,FN
BenchmarkTest01767,xss,79,False,True,,False,TN
BenchmarkTest01768,xss,79,False,True,,False,TN
BenchmarkTest01769,xss,79,False,True,,False,TN
BenchmarkTest01770,xss,79,False,True,,False,TN
BenchmarkTest01771,xss,79,False,True,,False,TN
BenchmarkTest01772,xss,79,False,True,,False,TN
BenchmarkTest01773,xss,79,False,True,,False,TN
BenchmarkTest01774,xss,79,False,True,,False,TN
BenchmarkTest01775,xss,79,False,True,,False,TN
BenchmarkTest01776,xss,79,False,True,,False,TN
BenchmarkTest01777,xss,79,False,True,,False,TN
BenchmarkTest01778,cmdi,78,False,True,,False,TN
BenchmarkTest01779,cmdi,78,False,True,,False,TN
BenchmarkTest01780,cmdi,78,False,True,,False,TN
BenchmarkTest01781,weakrand,330,True,False,,False,FN
BenchmarkTest01782,weakrand,330,True,False,,False,FN
BenchmarkTest01783,weakrand,330,True,False,,False,FN
BenchmarkTest01784,weakrand,330,True,False,,False,FN
BenchmarkTest01785,weakrand,330,True,False,,False,FN
BenchmarkTest01786,weakrand,330,True,False,,False,FN
BenchmarkTest01787,weakrand,330,True,False,,False,FN
BenchmarkTest01788,weakrand,330,True,False,,False,FN
BenchmarkTest01789,securecookie,614,True,False,,False,FN
BenchmarkTest01790,xss,79,False,True,,False,TN
BenchmarkTest01791,cmdi,78,False,True,,False,TN
BenchmarkTest01792,cmdi,78,False,True,,False,TN
BenchmarkTest01793,cmdi,78,False,True,,False,TN
BenchmarkTest01794,cmdi,78,False,True,,False,TN
BenchmarkTest01795,cmdi,78,False,True,,False,TN
BenchmarkTest01796,cmdi,78,False,True,,False,TN
BenchmarkTest01797,weakrand,330,False,False,,False,TN
BenchmarkTest01798,weakrand,330,False,False,,False,TN
BenchmarkTest01799,weakrand,330,False,False,,False,TN
BenchmarkTest01800,weakrand,330,False,False,,False,TN
BenchmarkTest01801,weakrand,330,False,False,,False,TN
BenchmarkTest01802,trustbound,501,False,False,,False,TN
BenchmarkTest01803,sqli,89,False,True,,False,TN
BenchmarkTest01804,sqli,89,False,True,,False,TN
BenchmarkTest01805,sqli,89,False,True,,False,TN
BenchmarkTest01806,sqli,89,False,True,,False,TN
BenchmarkTest01807,sqli,89,False,True,,False,TN
BenchmarkTest01808,sqli,89,False,True,,False,TN
BenchmarkTest01809,sqli,89,False,True,,False,TN
BenchmarkTest01810,sqli,89,False,True,,False,TN
BenchmarkTest01811,sqli,89,False,True,,False,TN
BenchmarkTest01812,sqli,89,False,True,,False,TN
BenchmarkTest01813,sqli,89,False,True,,False,TN
BenchmarkTest01814,sqli,89,False,True,,False,TN
BenchmarkTest01815,sqli,89,False,True,,False,TN
BenchmarkTest01816,sqli,89,False,True,,False,TN
BenchmarkTest01817,sqli,89,False,True,,False,TN
BenchmarkTest01818,sqli,89,False,True,,False,TN
BenchmarkTest01819,sqli,89,False,True,,False,TN
BenchmarkTest01820,sqli,89,False,True,,False,TN
BenchmarkTest01821,xpathi,643,False,False,,False,TN
BenchmarkTest01822,crypto,327,True,False,,False,FN
BenchmarkTest01823,crypto,327,True,False,,False,FN
BenchmarkTest01824,crypto,327,False,False,,False,TN
BenchmarkTest01825,crypto,327,False,False,,False,TN
BenchmarkTest01826,crypto,327,False,False,,False,TN
BenchmarkTest01827,crypto,327,False,False,,False,TN
BenchmarkTest01828,crypto,327,False,False,,False,TN
BenchmarkTest01829,crypto,327,True,False,,False,FN
BenchmarkTest01830,crypto,327,True,False,,False,FN
BenchmarkTest01831,ldapi,90,True,False,,False,FN
BenchmarkTest01832,ldapi,90,True,False,,False,FN
BenchmarkTest01833,pathtraver,22,True,True,,False,FN
BenchmarkTest01834,pathtraver,22,False,True,,False,TN
BenchmarkTest01835,pathtraver,22,True,True,,False,FN
BenchmarkTest01836,pathtraver,22,True,True,,False,FN
BenchmarkTest01837,pathtraver,22,False,True,,False,TN
BenchmarkTest01838,pathtraver,22,False,True,,False,TN
BenchmarkTest01839,pathtraver,22,True,True,,False,FN
BenchmarkTest01840,pathtraver,22,True,True,,False,FN
BenchmarkTest01841,pathtraver,22,False,True,,False,TN
BenchmarkTest01842,weakrand,330,True,False,,False,FN
BenchmarkTest01843,weakrand,330,True,False,,False,FN
BenchmarkTest01844,hash,328,True,False,,False,FN
BenchmarkTest01845,hash,328,True,False,,False,FN
BenchmarkTest01846,hash,328,True,False,,False,FN
BenchmarkTest01847,hash,328,False,False,,False,TN
BenchmarkTest01848,hash,328,False,False,,False,TN
BenchmarkTest01849,hash,328,False,False,,False,TN
BenchmarkTest01850,cmdi,78,True,True,,False,FN
BenchmarkTest01851,cmdi,78,True,True,,False,FN
BenchmarkTest01852,cmdi,78,True,True,,False,FN
BenchmarkTest01853,weakrand,330,True,False,,False,FN
BenchmarkTest01854,weakrand,330,True,False,,False,FN
BenchmarkTest01855,weakrand,330,True,False,,False,FN
BenchmarkTest01856,weakrand,330,True,False,,False,FN
BenchmarkTest01857,weakrand,330,True,False,,False,FN
BenchmarkTest01858,weakrand,330,True,False,,False,FN
BenchmarkTest01859,weakrand,330,True,False,,False,FN
BenchmarkTest01860,weakrand,330,True,False,,False,FN
BenchmarkTest01861,securecookie,614,True,False,,False,FN
BenchmarkTest01862,securecookie,614,False,False,,False,TN
BenchmarkTest01863,securecookie,614,False,False,,False,TN
BenchmarkTest01864,cmdi,78,True,True,,False,FN
BenchmarkTest01865,cmdi,78,False,True,,False,TN
BenchmarkTest01866,weakrand,330,False,False,,False,TN
BenchmarkTest01867,weakrand,330,False,False,,False,TN
BenchmarkTest01868,weakrand,330,False,False,,False,TN
BenchmarkTest01869,weakrand,330,False,False,,False,TN
BenchmarkTest01870,weakrand,330,False,False,,False,TN
BenchmarkTest01871,weakrand,330,False,False,,False,TN
BenchmarkTest01872,trustbound,501,True,False,,False,FN
BenchmarkTest01873,trustbound,501,False,False,,False,TN
BenchmarkTest01874,trustbound,501,True,False,,False,FN
BenchmarkTest01875,trustbound,501,True,False,,False,FN
BenchmarkTest01876,trustbound,501,True,False,,False,FN
BenchmarkTest01877,sqli,89,False,True,,False,TN
BenchmarkTest01878,sqli,89,False,True,,False,TN
BenchmarkTest01879,sqli,89,False,True,,False,TN
BenchmarkTest01880,sqli,89,False,True,,False,TN
BenchmarkTest01881,sqli,89,True,True,,False,FN
BenchmarkTest01882,sqli,89,True,True,,False,FN
BenchmarkTest01883,sqli,89,True,True,,False,FN
BenchmarkTest01884,sqli,89,False,True,,False,TN
BenchmarkTest01885,sqli,89,False,True,,False,TN
BenchmarkTest01886,sqli,89,False,True,,False,TN
BenchmarkTest01887,sqli,89,True,True,,False,FN
BenchmarkTest01888,sqli,89,True,True,,False,FN
BenchmarkTest01889,sqli,89,True,True,,False,FN
BenchmarkTest01890,sqli,89,True,True,,False,FN
BenchmarkTest01891,sqli,89,True,True,,False,FN
BenchmarkTest01892,xpathi,643,True,False,,False,FN
BenchmarkTest01893,xpathi,643,False,False,,False,TN
BenchmarkTest01894,xpathi,643,True,False,,False,FN
BenchmarkTest01895,crypto,327,True,False,,False,FN
BenchmarkTest01896,crypto,327,False,False,,False,TN
BenchmarkTest01897,crypto,327,True,False,,False,FN
BenchmarkTest01898,crypto,327,True,False,,False,FN
BenchmarkTest01899,crypto,327,False,False,,False,TN
BenchmarkTest01900,crypto,327,True,False,,False,FN
BenchmarkTest01901,crypto,327,False,False,,False,TN
BenchmarkTest01902,ldapi,90,True,False,,False,FN
BenchmarkTest01903,ldapi,90,False,False,,False,TN
BenchmarkTest01904,pathtraver,22,True,True,,False,FN
BenchmarkTest01905,pathtraver,22,False,True,,False,TN
BenchmarkTest01906,pathtraver,22,True,True,,False,FN
BenchmarkTest01907,pathtraver,22,True,True,,False,FN
BenchmarkTest01908,pathtraver,22,True,True,,False,FN
BenchmarkTest01909,ldapi,90,False,False,,False,TN
BenchmarkTest01910,weakrand,330,True,False,,False,FN
BenchmarkTest01911,hash,328,True,False,,False,FN
BenchmarkTest01912,hash,328,False,False,,False,TN
BenchmarkTest01913,hash,328,False,False,,False,TN
BenchmarkTest01914,xss,79,False,True,,False,TN
BenchmarkTest01915,xss,79,False,True,,False,TN
BenchmarkTest01916,xss,79,True,True,,False,FN
BenchmarkTest01917,xss,79,False,True,,False,TN
BenchmarkTest01918,xss,79,False,True,,False,TN
BenchmarkTest01919,xss,79,True,True,,False,FN
BenchmarkTest01920,xss,79,True,True,,False,FN
BenchmarkTest01921,xss,79,True,True,,False,FN
BenchmarkTest01922,xss,79,True,True,,False,FN
BenchmarkTest01923,xss,79,True,True,,False,FN
BenchmarkTest01924,xss,79,False,True,,False,TN
BenchmarkTest01925,xss,79,True,True,,False,FN
BenchmarkTest01926,xss,79,True,True,,False,FN
BenchmarkTest01927,xss,79,True,True,,False,FN
BenchmarkTest01928,cmdi,78,True,True,,False,FN
BenchmarkTest01929,cmdi,78,True,True,,False,FN
BenchmarkTest01930,weakrand,330,True,False,,False,FN
BenchmarkTest01931,weakrand,330,True,False,,False,FN
BenchmarkTest01932,weakrand,330,True,False,,False,FN
BenchmarkTest01933,weakrand,330,True,False,,False,FN
BenchmarkTest01934,weakrand,330,True,False,,False,FN
BenchmarkTest01935,securecookie,614,False,False,,False,TN
BenchmarkTest01936,cmdi,78,True,True,,False,FN
BenchmarkTest01937,cmdi,78,False,True,,False,TN
BenchmarkTest01938,cmdi,78,True,True,,False,FN
BenchmarkTest01939,cmdi,78,False,True,,False,TN
BenchmarkTest01940,cmdi,78,True,True,,False,FN
BenchmarkTest01941,cmdi,78,False,True,,False,TN
BenchmarkTest01942,cmdi,78,True,True,,False,FN
BenchmarkTest01943,cmdi,78,False,True,,False,TN
BenchmarkTest01944,cmdi,78,True,True,,False,FN
BenchmarkTest01945,weakrand,330,False,False,,False,TN
BenchmarkTest01946,weakrand,330,False,False,,False,TN
BenchmarkTest01947,weakrand,330,False,False,,False,TN
BenchmarkTest01948,weakrand,330,False,False,,False,TN
BenchmarkTest01949,weakrand,330,False,False,,False,TN
BenchmarkTest01950,weakrand,330,False,False,,False,TN
BenchmarkTest01951,weakrand,330,False,False,,False,TN
BenchmarkTest01952,weakrand,330,False,False,,False,TN
BenchmarkTest01953,weakrand,330,False,False,,False,TN
BenchmarkTest01954,weakrand,330,False,False,,False,TN
BenchmarkTest01955,trustbound,501,True,False,,False,FN
BenchmarkTest01956,trustbound,501,False,False,,False,TN
BenchmarkTest01957,trustbound,501,False,False,,False,TN
BenchmarkTest01958,trustbound,501,True,False,,False,FN
BenchmarkTest01959,trustbound,501,False,False,,False,TN
BenchmarkTest01960,trustbound,501,True,False,,False,FN
BenchmarkTest01961,sqli,89,False,True,,False,TN
BenchmarkTest01962,sqli,89,True,True,,False,FN
BenchmarkTest01963,sqli,89,True,True,,False,FN
BenchmarkTest01964,sqli,89,True,True,,False,FN
BenchmarkTest01965,sqli,89,False,True,,False,TN
BenchmarkTest01966,sqli,89,False,True,,False,TN
BenchmarkTest01967,sqli,89,False,True,,False,TN
BenchmarkTest01968,sqli,89,False,True,,False,TN
BenchmarkTest01969,sqli,89,False,True,,False,TN
BenchmarkTest01970,sqli,89,True,True,,False,FN
BenchmarkTest01971,sqli,89,True,True,,False,FN
BenchmarkTest01972,sqli,89,True,True,,False,FN
BenchmarkTest01973,sqli,89,False,True,,False,TN
BenchmarkTest01974,xpathi,643,True,False,,False,FN
BenchmarkTest01975,crypto,327,False,False,,False,TN
BenchmarkTest01976,crypto,327,False,False,,False,TN
BenchmarkTest01977,crypto,327,False,False,,False,TN
BenchmarkTest01978,crypto,327,True,False,,False,FN
BenchmarkTest01979,crypto,327,False,False,,False,TN
BenchmarkTest01980,crypto,327,True,False,,False,FN
BenchmarkTest01981,crypto,327,True,False,,False,FN
BenchmarkTest01982,crypto,327,False,False,,False,TN
BenchmarkTest01983,pathtraver,22,True,True,,False,FN
BenchmarkTest01984,pathtraver,22,False,True,,False,TN
BenchmarkTest01985,pathtraver,22,True,True,,False,FN
BenchmarkTest01986,pathtraver,22,False,True,,False,TN
BenchmarkTest01987,pathtraver,22,True,True,,False,FN
BenchmarkTest01988,pathtraver,22,True,True,,False,FN
BenchmarkTest01989,pathtraver,22,True,True,,False,FN
BenchmarkTest01990,pathtraver,22,False,True,,False,TN
BenchmarkTest01991,pathtraver,22,False,True,,False,TN
BenchmarkTest01992,weakrand,330,True,False,,False,FN
BenchmarkTest01993,hash,328,False,False,,False,TN
BenchmarkTest01994,hash,328,False,False,,False,TN
BenchmarkTest01995,hash,328,False,False,,False,TN
BenchmarkTest01996,hash,328,True,False,,False,FN
BenchmarkTest01997,hash,328,True,False,,False,FN
BenchmarkTest01998,hash,328,False,False,,False,TN
BenchmarkTest01999,weakrand,330,True,False,,False,FN
BenchmarkTest02000,weakrand,330,True,False,,False,FN
BenchmarkTest02001,weakrand,330,True,False,,False,FN
BenchmarkTest02002,weakrand,330,True,False,,False,FN
BenchmarkTest02003,weakrand,330,True,False,,False,FN
BenchmarkTest02004,weakrand,330,True,False,,False,FN
BenchmarkTest02005,securecookie,614,True,False,,False,FN
BenchmarkTest02006,securecookie,614,False,False,,False,TN
BenchmarkTest02007,weakrand,330,False,False,,False,TN
BenchmarkTest02008,weakrand,330,False,False,,False,TN
BenchmarkTest02009,weakrand,330,False,False,,False,TN
BenchmarkTest02010,weakrand,330,False,False,,False,TN
BenchmarkTest02011,weakrand,330,False,False,,False,TN
BenchmarkTest02012,weakrand,330,False,False,,False,TN
BenchmarkTest02013,weakrand,330,False,False,,False,TN
BenchmarkTest02014,weakrand,330,False,False,,False,TN
BenchmarkTest02015,trustbound,501,True,False,,False,FN
BenchmarkTest02016,trustbound,501,True,False,,False,FN
BenchmarkTest02017,crypto,327,True,False,,False,FN
BenchmarkTest02018,crypto,327,True,False,,False,FN
BenchmarkTest02019,crypto,327,True,False,,False,FN
BenchmarkTest02020,crypto,327,True,False,,False,FN
BenchmarkTest02021,crypto,327,False,False,,False,TN
BenchmarkTest02022,crypto,327,True,False,,False,FN
BenchmarkTest02023,crypto,327,True,False,,False,FN
BenchmarkTest02024,crypto,327,False,False,,False,TN
BenchmarkTest02025,ldapi,90,False,False,,False,TN
BenchmarkTest02026,pathtraver,22,False,True,,False,TN
BenchmarkTest02027,pathtraver,22,True,True,,False,FN
BenchmarkTest02028,pathtraver,22,False,True,,False,TN
BenchmarkTest02029,pathtraver,22,False,True,,False,TN
BenchmarkTest02030,pathtraver,22,False,True,,False,TN
BenchmarkTest02031,pathtraver,22,False,True,,False,TN
BenchmarkTest02032,pathtraver,22,True,True,,False,FN
BenchmarkTest02033,pathtraver,22,False,True,,False,TN
BenchmarkTest02034,pathtraver,22,True,True,,False,FN
BenchmarkTest02035,pathtraver,22,False,True,,False,TN
BenchmarkTest02036,ldapi,90,True,False,,False,FN
BenchmarkTest02037,ldapi,90,True,False,,False,FN
BenchmarkTest02038,weakrand,330,True,False,,False,FN
BenchmarkTest02039,weakrand,330,True,False,,False,FN
BenchmarkTest02040,weakrand,330,True,False,,False,FN
BenchmarkTest02041,hash,328,False,False,,False,TN
BenchmarkTest02042,hash,328,True,False,,False,FN
BenchmarkTest02043,hash,328,False,False,,False,TN
BenchmarkTest02044,hash,328,False,False,,False,TN
BenchmarkTest02045,xss,79,False,True,,False,TN
BenchmarkTest02046,xss,79,True,True,,False,FN
BenchmarkTest02047,xss,79,True,True,,False,FN
BenchmarkTest02048,xss,79,False,True,,False,TN
BenchmarkTest02049,xss,79,False,True,,False,TN
BenchmarkTest02050,xss,79,True,True,,False,FN
BenchmarkTest02051,xss,79,True,True,,False,FN
BenchmarkTest02052,xss,79,False,True,,False,TN
BenchmarkTest02053,xss,79,False,True,,False,TN
BenchmarkTest02054,xss,79,True,True,,False,FN
BenchmarkTest02055,xss,79,True,True,,False,FN
BenchmarkTest02056,xss,79,True,True,,False,FN
BenchmarkTest02057,xss,79,True,True,,False,FN
BenchmarkTest02058,cmdi,78,False,True,,False,TN
BenchmarkTest02059,cmdi,78,True,True,,False,FN
BenchmarkTest02060,weakrand,330,True,False,,False,FN
BenchmarkTest02061,weakrand,330,True,False,,False,FN
BenchmarkTest02062,weakrand,330,True,False,,False,FN
BenchmarkTest02063,weakrand,330,True,False,,False,FN
BenchmarkTest02064,securecookie,614,False,False,,False,TN
BenchmarkTest02065,securecookie,614,False,False,,False,TN
BenchmarkTest02066,securecookie,614,False,False,,False,TN
BenchmarkTest02067,cmdi,78,False,True,,False,TN
BenchmarkTest02068,cmdi,78,False,True,,False,TN
BenchmarkTest02069,cmdi,78,False,True,,False,TN
BenchmarkTest02070,cmdi,78,True,True,,False,FN
BenchmarkTest02071,weakrand,330,False,False,,False,TN
BenchmarkTest02072,weakrand,330,False,False,,False,TN
BenchmarkTest02073,weakrand,330,False,False,,False,TN
BenchmarkTest02074,weakrand,330,False,False,,False,TN
BenchmarkTest02075,weakrand,330,False,False,,False,TN
BenchmarkTest02076,weakrand,330,False,False,,False,TN
BenchmarkTest02077,weakrand,330,False,False,,False,TN
BenchmarkTest02078,weakrand,330,False,False,,False,TN
BenchmarkTest02079,weakrand,330,False,False,,False,TN
BenchmarkTest02080,weakrand,330,False,False,,False,TN
BenchmarkTest02081,weakrand,330,False,False,,False,TN
BenchmarkTest02082,weakrand,330,False,False,,False,TN
BenchmarkTest02083,weakrand,330,False,False,,False,TN
BenchmarkTest02084,trustbound,501,True,False,,False,FN
BenchmarkTest02085,trustbound,501,False,False,,False,TN
BenchmarkTest02086,trustbound,501,False,False,,False,TN
BenchmarkTest02087,sqli,89,True,True,,False,FN
BenchmarkTest02088,sqli,89,True,True,,False,FN
BenchmarkTest02089,sqli,89,False,True,,False,TN
BenchmarkTest02090,sqli,89,True,True,,False,FN
BenchmarkTest02091,sqli,89,True,True,,False,FN
BenchmarkTest02092,sqli,89,True,True,,False,FN
BenchmarkTest02093,sqli,89,False,True,,False,TN
BenchmarkTest02094,sqli,89,True,True,,False,FN
BenchmarkTest02095,sqli,89,False,True,,False,TN
BenchmarkTest02096,sqli,89,True,True,,False,FN
BenchmarkTest02097,sqli,89,False,True,,False,TN
BenchmarkTest02098,sqli,89,False,True,,False,TN
BenchmarkTest02099,sqli,89,True,True,,False,FN
BenchmarkTest02100,xpathi,643,True,False,,False,FN
BenchmarkTest02101,crypto,327,True,False,,False,FN
BenchmarkTest02102,crypto,327,False,False,,False,TN
BenchmarkTest02103,crypto,327,False,False,,False,TN
BenchmarkTest02104,ldapi,90,False,False,,False,TN
BenchmarkTest02105,pathtraver,22,True,True,,False,FN
BenchmarkTest02106,pathtraver,22,True,True,,False,FN
BenchmarkTest02107,pathtraver,22,False,True,,False,TN
BenchmarkTest02108,pathtraver,22,False,True,,False,TN
BenchmarkTest02109,pathtraver,22,True,True,,False,FN
BenchmarkTest02110,pathtraver,22,False,True,,False,TN
BenchmarkTest02111,pathtraver,22,False,True,,False,TN
BenchmarkTest02112,pathtraver,22,True,True,,False,FN
BenchmarkTest02113,pathtraver,22,True,True,,False,FN
BenchmarkTest02114,ldapi,90,False,False,,False,TN
BenchmarkTest02115,ldapi,90,False,False,,False,TN
BenchmarkTest02116,ldapi,90,False,False,,False,TN
BenchmarkTest02117,weakrand,330,True,False,,False,FN
BenchmarkTest02118,hash,328,True,False,,False,FN
BenchmarkTest02119,hash,328,False,False,,False,TN
BenchmarkTest02120,hash,328,False,False,,False,TN
BenchmarkTest02121,hash,328,True,False,,False,FN
BenchmarkTest02122,xss,79,False,True,,False,TN
BenchmarkTest02123,xss,79,True,True,,False,FN
BenchmarkTest02124,xss,79,True,True,,False,FN
BenchmarkTest02125,xss,79,False,True,,False,TN
BenchmarkTest02126,xss,79,True,True,,False,FN
BenchmarkTest02127,xss,79,True,True,,False,FN
BenchmarkTest02128,xss,79,True,True,,False,FN
BenchmarkTest02129,xss,79,True,True,,False,FN
BenchmarkTest02130,xss,79,True,True,,False,FN
BenchmarkTest02131,xss,79,True,True,,False,FN
BenchmarkTest02132,xss,79,True,True,,False,FN
BenchmarkTest02133,xss,79,True,True,,False,FN
BenchmarkTest02134,xss,79,True,True,,False,FN
BenchmarkTest02135,xss,79,False,True,,False,TN
BenchmarkTest02136,xss,79,True,True,,False,FN
BenchmarkTest02137,cmdi,78,True,True,,False,FN
BenchmarkTest02138,weakrand,330,True,False,,False,FN
BenchmarkTest02139,weakrand,330,True,False,,False,FN
BenchmarkTest02140,weakrand,330,True,False,,False,FN
BenchmarkTest02141,weakrand,330,True,False,,False,FN
BenchmarkTest02142,securecookie,614,True,False,,False,FN
BenchmarkTest02143,securecookie,614,False,False,,False,TN
BenchmarkTest02144,securecookie,614,False,False,,False,TN
BenchmarkTest02145,xss,79,True,True,,False,FN
BenchmarkTest02146,cmdi,78,True,True,,False,FN
BenchmarkTest02147,cmdi,78,True,True,,False,FN
BenchmarkTest02148,cmdi,78,False,True,,False,TN
BenchmarkTest02149,cmdi,78,False,True,,False,TN
BenchmarkTest02150,cmdi,78,True,True,,False,FN
BenchmarkTest02151,cmdi,78,True,True,,False,FN
BenchmarkTest02152,cmdi,78,True,True,,False,FN
BenchmarkTest02153,cmdi,78,False,True,,False,TN
BenchmarkTest02154,cmdi,78,True,True,,False,FN
BenchmarkTest02155,cmdi,78,True,True,,False,FN
BenchmarkTest02156,cmdi,78,False,True,,False,TN
BenchmarkTest02157,weakrand,330,False,False,,False,TN
BenchmarkTest02158,weakrand,330,False,False,,False,TN
BenchmarkTest02159,weakrand,330,False,False,,False,TN
BenchmarkTest02160,weakrand,330,False,False,,False,TN
BenchmarkTest02161,weakrand,330,False,False,,False,TN
BenchmarkTest02162,weakrand,330,False,False,,False,TN
BenchmarkTest02163,weakrand,330,False,False,,False,TN
BenchmarkTest02164,weakrand,330,False,False,,False,TN
BenchmarkTest02165,trustbound,501,True,False,,False,FN
BenchmarkTest02166,trustbound,501,False,False,,False,TN
BenchmarkTest02167,trustbound,501,True,False,,False,FN
BenchmarkTest02168,trustbound,501,False,False,,False,TN
BenchmarkTest02169,sqli,89,True,True,,False,FN
BenchmarkTest02170,sqli,89,True,True,,False,FN
BenchmarkTest02171,sqli,89,True,True,,False,FN
BenchmarkTest02172,sqli,89,False,True,,False,TN
BenchmarkTest02173,sqli,89,False,True,,False,TN
BenchmarkTest02174,sqli,89,False,True,,False,TN
BenchmarkTest02175,sqli,89,False,True,,False,TN
BenchmarkTest02176,sqli,89,False,True,,False,TN
BenchmarkTest02177,sqli,89,True,True,,False,FN
BenchmarkTest02178,sqli,89,True,True,,False,FN
BenchmarkTest02179,sqli,89,True,True,,False,FN
BenchmarkTest02180,sqli,89,False,True,,False,TN
BenchmarkTest02181,sqli,89,True,True,,False,FN
BenchmarkTest02182,sqli,89,True,True,,False,FN
BenchmarkTest02183,sqli,89,False,True,,False,TN
BenchmarkTest02184,sqli,89,False,True,,False,TN
BenchmarkTest02185,sqli,89,False,True,,False,TN
BenchmarkTest02186,sqli,89,True,True,,False,FN
BenchmarkTest02187,sqli,89,True,True,,False,FN
BenchmarkTest02188,sqli,89,False,True,,False,TN
BenchmarkTest02189,xpathi,643,True,False,,False,FN
BenchmarkTest02190,crypto,327,False,False,,False,TN
BenchmarkTest02191,crypto,327,False,False,,False,TN
BenchmarkTest02192,crypto,327,True,False,,False,FN
BenchmarkTest02193,crypto,327,True,False,,False,FN
BenchmarkTest02194,crypto,327,True,False,,False,FN
BenchmarkTest02195,crypto,327,True,False,,False,FN
BenchmarkTest02196,ldapi,90,True,False,,False,FN
BenchmarkTest02197,pathtraver,22,True,True,,False,FN
BenchmarkTest02198,pathtraver,22,True,True,,False,FN
BenchmarkTest02199,pathtraver,22,True,True,,False,FN
BenchmarkTest02200,pathtraver,22,False,True,,False,TN
BenchmarkTest02201,pathtraver,22,False,True,,False,TN
BenchmarkTest02202,pathtraver,22,False,True,,False,TN
BenchmarkTest02203,pathtraver,22,False,True,,False,TN
BenchmarkTest02204,pathtraver,22,False,True,,False,TN
BenchmarkTest02205,pathtraver,22,True,True,,False,FN
BenchmarkTest02206,pathtraver,22,False,True,,False,TN
BenchmarkTest02207,pathtraver,22,False,True,,False,TN
BenchmarkTest02208,ldapi,90,True,False,,False,FN
BenchmarkTest02209,weakrand,330,True,False,,False,FN
BenchmarkTest02210,hash,328,False,False,,False,TN
BenchmarkTest02211,hash,328,True,False,,False,FN
BenchmarkTest02212,hash,328,True,False,,False,FN
BenchmarkTest02213,hash,328,True,False,,False,FN
BenchmarkTest02214,hash,328,False,False,,False,TN
BenchmarkTest02215,hash,328,False,False,,False,TN
BenchmarkTest02216,hash,328,False,False,,False,TN
BenchmarkTest02217,hash,328,True,False,,False,FN
BenchmarkTest02218,hash,328,False,False,,False,TN
BenchmarkTest02219,hash,328,True,False,,False,FN
BenchmarkTest02220,hash,328,False,False,,False,TN
BenchmarkTest02221,xss,79,True,True,,False,FN
BenchmarkTest02222,xss,79,False,True,,False,TN
BenchmarkTest02223,xss,79,True,True,,False,FN
BenchmarkTest02224,xss,79,True,True,,False,FN
BenchmarkTest02225,xss,79,True,True,,False,FN
BenchmarkTest02226,xss,79,False,True,,False,TN
BenchmarkTest02227,xss,79,True,True,,False,FN
BenchmarkTest02228,xss,79,True,True,,False,FN
BenchmarkTest02229,xss,79,False,True,,False,TN
BenchmarkTest02230,xss,79,True,True,,False,FN
BenchmarkTest02231,xss,79,False,True,,False,TN
BenchmarkTest02232,xss,79,True,True,,False,FN
BenchmarkTest02233,xss,79,False,True,,False,TN
BenchmarkTest02234,xss,79,True,True,,False,FN
BenchmarkTest02235,xss,79,False,True,,False,TN
BenchmarkTest02236,xss,79,False,True,,False,TN
BenchmarkTest02237,xss,79,False,True,,False,TN
BenchmarkTest02238,xss,79,False,True,,False,TN
BenchmarkTest02239,xss,79,False,True,,False,TN
BenchmarkTest02240,xss,79,False,True,,False,TN
BenchmarkTest02241,xss,79,True,True,,False,FN
BenchmarkTest02242,cmdi,78,False,True,,False,TN
BenchmarkTest02243,cmdi,78,True,True,,False,FN
BenchmarkTest02244,cmdi,78,True,True,,False,FN
BenchmarkTest02245,weakrand,330,True,False,,False,FN
BenchmarkTest02246,weakrand,330,True,False,,False,FN
BenchmarkTest02247,securecookie,614,False,False,,False,TN
BenchmarkTest02248,securecookie,614,False,False,,False,TN
BenchmarkTest02249,cmdi,78,True,True,,False,FN
BenchmarkTest02250,cmdi,78,True,True,,False,FN
BenchmarkTest02251,cmdi,78,True,True,,False,FN
BenchmarkTest02252,cmdi,78,False,True,,False,TN
BenchmarkTest02253,cmdi,78,False,True,,False,TN
BenchmarkTest02254,weakrand,330,False,False,,False,TN
BenchmarkTest02255,weakrand,330,False,False,,False,TN
BenchmarkTest02256,weakrand,330,False,False,,False,TN
BenchmarkTest02257,weakrand,330,False,False,,False,TN
BenchmarkTest02258,weakrand,330,False,False,,False,TN
BenchmarkTest02259,weakrand,330,False,False,,False,TN
BenchmarkTest02260,weakrand,330,False,False,,False,TN
BenchmarkTest02261,trustbound,501,True,False,,False,FN
BenchmarkTest02262,trustbound,501,True,False,,False,FN
BenchmarkTest02263,trustbound,501,True,False,,False,FN
BenchmarkTest02264,sqli,89,True,True,,False,FN
BenchmarkTest02265,sqli,89,False,True,,False,TN
BenchmarkTest02266,sqli,89,False,True,,False,TN
BenchmarkTest02267,sqli,89,False,True,,False,TN
BenchmarkTest02268,sqli,89,False,True,,False,TN
BenchmarkTest02269,sqli,89,True,True,,False,FN
BenchmarkTest02270,sqli,89,True,True,,False,FN
BenchmarkTest02271,sqli,89,False,True,,False,TN
BenchmarkTest02272,sqli,89,True,True,,False,FN
BenchmarkTest02273,sqli,89,True,True,,False,FN
BenchmarkTest02274,sqli,89,False,True,,False,TN
BenchmarkTest02275,sqli,89,True,True,,False,FN
BenchmarkTest02276,sqli,89,False,True,,False,TN
BenchmarkTest02277,sqli,89,True,True,,False,FN
BenchmarkTest02278,sqli,89,False,True,,False,TN
BenchmarkTest02279,sqli,89,False,True,,False,TN
BenchmarkTest02280,sqli,89,False,True,,False,TN
BenchmarkTest02281,sqli,89,True,True,,False,FN
BenchmarkTest02282,sqli,89,False,True,,False,TN
BenchmarkTest02283,sqli,89,False,True,,False,TN
BenchmarkTest02284,sqli,89,True,True,,False,FN
BenchmarkTest02285,sqli,89,False,True,,False,TN
BenchmarkTest02286,sqli,89,True,True,,False,FN
BenchmarkTest02287,sqli,89,True,True,,False,FN
BenchmarkTest02288,sqli,89,True,True,,False,FN
BenchmarkTest02289,crypto,327,False,False,,False,TN
BenchmarkTest02290,crypto,327,True,False,,False,FN
BenchmarkTest02291,crypto,327,True,False,,False,FN
BenchmarkTest02292,crypto,327,True,False,,False,FN
BenchmarkTest02293,crypto,327,True,False,,False,FN
BenchmarkTest02294,crypto,327,True,False,,False,FN
BenchmarkTest02295,crypto,327,True,False,,False,FN
BenchmarkTest02296,crypto,327,False,False,,False,TN
BenchmarkTest02297,crypto,327,False,False,,False,TN
BenchmarkTest02298,crypto,327,False,False,,False,TN
BenchmarkTest02299,ldapi,90,True,False,,False,FN
BenchmarkTest02300,pathtraver,22,False,True,,False,TN
BenchmarkTest02301,pathtraver,22,False,True,,False,TN
BenchmarkTest02302,pathtraver,22,True,True,,False,FN
BenchmarkTest02303,pathtraver,22,True,True,,False,FN
BenchmarkTest02304,pathtraver,22,True,True,,False,FN
BenchmarkTest02305,ldapi,90,True,False,,False,FN
BenchmarkTest02306,ldapi,90,True,False,,False,FN
BenchmarkTest02307,hash,328,True,False,,False,FN
BenchmarkTest02308,hash,328,True,False,,False,FN
BenchmarkTest02309,hash,328,False,False,,False,TN
BenchmarkTest02310,hash,328,False,False,,False,TN
BenchmarkTest02311,hash,328,True,False,,False,FN
BenchmarkTest02312,hash,328,False,False,,False,TN
BenchmarkTest02313,xss,79,False,True,,False,TN
BenchmarkTest02314,xss,79,True,True,,False,FN
BenchmarkTest02315,xss,79,True,True,,False,FN
BenchmarkTest02316,xss,79,True,True,,False,FN
BenchmarkTest02317,xss,79,True,True,,False,FN
BenchmarkTest02318,xss,79,False,True,,False,TN
BenchmarkTest02319,xss,79,False,True,,False,TN
BenchmarkTest02320,xss,79,False,True,,False,TN
BenchmarkTest02321,xss,79,True,True,,False,FN
BenchmarkTest02322,xss,79,True,True,,False,FN
BenchmarkTest02323,xss,79,True,True,,False,FN
BenchmarkTest02324,xss,79,True,True,,False,FN
BenchmarkTest02325,xss,79,False,True,,False,TN
BenchmarkTest02326,xss,79,True,True,,False,FN
BenchmarkTest02327,xss,79,True,True,,False,FN
BenchmarkTest02328,xss,79,True,True,,False,FN
BenchmarkTest02329,xss,79,False,True,,False,TN
BenchmarkTest02330,xss,79,False,True,,False,TN
BenchmarkTest02331,xss,79,False,True,,False,TN
BenchmarkTest02332,xss,79,True,True,,False,FN
BenchmarkTest02333,cmdi,78,True,True,,False,FN
BenchmarkTest02334,cmdi,78,True,True,,False,FN
BenchmarkTest02335,cmdi,78,False,True,,False,TN
BenchmarkTest02336,cmdi,78,False,True,,False,TN
BenchmarkTest02337,weakrand,330,True,False,,False,FN
BenchmarkTest02338,weakrand,330,True,False,,False,FN
BenchmarkTest02339,securecookie,614,True,False,,False,FN
BenchmarkTest02340,cmdi,78,False,True,,False,TN
BenchmarkTest02341,cmdi,78,False,True,,False,TN
BenchmarkTest02342,cmdi,78,True,True,,False,FN
BenchmarkTest02343,cmdi,78,True,True,,False,FN
BenchmarkTest02344,cmdi,78,True,True,,False,FN
BenchmarkTest02345,weakrand,330,False,False,,False,TN
BenchmarkTest02346,weakrand,330,False,False,,False,TN
BenchmarkTest02347,weakrand,330,False,False,,False,TN
BenchmarkTest02348,weakrand,330,False,False,,False,TN
BenchmarkTest02349,weakrand,330,False,False,,False,TN
BenchmarkTest02350,weakrand,330,False,False,,False,TN
BenchmarkTest02351,weakrand,330,False,False,,False,TN
BenchmarkTest02352,trustbound,501,True,False,,False,FN
BenchmarkTest02353,sqli,89,False,True,,False,TN
BenchmarkTest02354,sqli,89,True,True,,False,FN
BenchmarkTest02355,sqli,89,True,True,,False,FN
BenchmarkTest02356,sqli,89,True,True,,False,FN
BenchmarkTest02357,sqli,89,True,True,,False,FN
BenchmarkTest02358,sqli,89,True,True,,False,FN
BenchmarkTest02359,sqli,89,True,True,,False,FN
BenchmarkTest02360,sqli,89,True,True,,False,FN
BenchmarkTest02361,sqli,89,False,True,,False,TN
BenchmarkTest02362,sqli,89,True,True,,False,FN
BenchmarkTest02363,sqli,89,False,True,,False,TN
BenchmarkTest02364,sqli,89,True,True,,False,FN
BenchmarkTest02365,sqli,89,False,True,,False,TN
BenchmarkTest02366,sqli,89,False,True,,False,TN
BenchmarkTest02367,sqli,89,False,True,,False,TN
BenchmarkTest02368,sqli,89,False,True,,False,TN
BenchmarkTest02369,sqli,89,True,True,,False,FN
BenchmarkTest02370,xpathi,643,False,False,,False,TN
BenchmarkTest02371,crypto,327,False,False,,False,TN
BenchmarkTest02372,crypto,327,False,False,,False,TN
BenchmarkTest02373,crypto,327,True,False,,False,FN
BenchmarkTest02374,crypto,327,True,False,,False,FN
BenchmarkTest02375,crypto,327,True,False,,False,FN
BenchmarkTest02376,ldapi,90,False,False,,False,TN
BenchmarkTest02377,pathtraver,22,True,True,,False,FN
BenchmarkTest02378,pathtraver,22,True,True,,False,FN
BenchmarkTest02379,pathtraver,22,False,True,,False,TN
BenchmarkTest02380,pathtraver,22,False,True,,False,TN
BenchmarkTest02381,pathtraver,22,False,True,,False,TN
BenchmarkTest02382,pathtraver,22,False,True,,False,TN
BenchmarkTest02383,pathtraver,22,True,True,,False,FN
BenchmarkTest02384,ldapi,90,False,False,,False,TN
BenchmarkTest02385,hash,328,True,False,,False,FN
BenchmarkTest02386,hash,328,True,False,,False,FN
BenchmarkTest02387,hash,328,True,False,,False,FN
BenchmarkTest02388,hash,328,True,False,,False,FN
BenchmarkTest02389,hash,328,False,False,,False,TN
BenchmarkTest02390,hash,328,False,False,,False,TN
BenchmarkTest02391,hash,328,True,False,,False,FN
BenchmarkTest02392,hash,328,True,False,,False,FN
BenchmarkTest02393,hash,328,True,False,,False,FN
BenchmarkTest02394,xss,79,False,True,,False,TN
BenchmarkTest02395,xss,79,True,True,,False,FN
BenchmarkTest02396,xss,79,True,True,,False,FN
BenchmarkTest02397,xss,79,True,True,,False,FN
BenchmarkTest02398,xss,79,False,True,,False,TN
BenchmarkTest02399,xss,79,True,True,,False,FN
BenchmarkTest02400,xss,79,True,True,,False,FN
BenchmarkTest02401,xss,79,False,True,,False,TN
BenchmarkTest02402,xss,79,True,True,,False,FN
BenchmarkTest02403,xss,79,True,True,,False,FN
BenchmarkTest02404,xss,79,False,True,,False,TN
BenchmarkTest02405,xss,79,True,True,,False,FN
BenchmarkTest02406,xss,79,False,True,,False,TN
BenchmarkTest02407,xss,79,True,True,,False,FN
BenchmarkTest02408,xss,79,False,True,,False,TN
BenchmarkTest02409,xss,79,True,True,,False,FN
BenchmarkTest02410,xss,79,True,True,,False,FN
BenchmarkTest02411,cmdi,78,True,True,,False,FN
BenchmarkTest02412,cmdi,78,True,True,,False,FN
BenchmarkTest02413,cmdi,78,False,True,,False,TN
BenchmarkTest02414,cmdi,78,True,True,,False,FN
BenchmarkTest02415,weakrand,330,True,False,,False,FN
BenchmarkTest02416,weakrand,330,True,False,,False,FN
BenchmarkTest02417,weakrand,330,True,False,,False,FN
BenchmarkTest02418,weakrand,330,True,False,,False,FN
BenchmarkTest02419,weakrand,330,True,False,,False,FN
BenchmarkTest02420,weakrand,330,True,False,,False,FN
BenchmarkTest02421,weakrand,330,True,False,,False,FN
BenchmarkTest02422,weakrand,330,True,False,,False,FN
BenchmarkTest02423,weakrand,330,True,False,,False,FN
BenchmarkTest02424,weakrand,330,True,False,,False,FN
BenchmarkTest02425,weakrand,330,True,False,,False,FN
BenchmarkTest02426,weakrand,330,True,False,,False,FN
BenchmarkTest02427,securecookie,614,True,False,,False,FN
BenchmarkTest02428,cmdi,78,False,True,,False,TN
BenchmarkTest02429,cmdi,78,True,True,,False,FN
BenchmarkTest02430,cmdi,78,True,True,,False,FN
BenchmarkTest02431,cmdi,78,True,True,,False,FN
BenchmarkTest02432,cmdi,78,True,True,,False,FN
BenchmarkTest02433,cmdi,78,True,True,,False,FN
BenchmarkTest02434,weakrand,330,False,False,,False,TN
BenchmarkTest02435,weakrand,330,False,False,,False,TN
BenchmarkTest02436,weakrand,330,False,False,,False,TN
BenchmarkTest02437,weakrand,330,False,False,,False,TN
BenchmarkTest02438,weakrand,330,False,False,,False,TN
BenchmarkTest02439,weakrand,330,False,False,,False,TN
BenchmarkTest02440,weakrand,330,False,False,,False,TN
BenchmarkTest02441,weakrand,330,False,False,,False,TN
BenchmarkTest02442,weakrand,330,False,False,,False,TN
BenchmarkTest02443,weakrand,330,False,False,,False,TN
BenchmarkTest02444,weakrand,330,False,False,,False,TN
BenchmarkTest02445,weakrand,330,False,False,,False,TN
BenchmarkTest02446,trustbound,501,True,False,,False,FN
BenchmarkTest02447,trustbound,501,False,False,,False,TN
BenchmarkTest02448,trustbound,501,True,False,,False,FN
BenchmarkTest02449,sqli,89,True,True,,False,FN
BenchmarkTest02450,sqli,89,False,True,,False,TN
BenchmarkTest02451,sqli,89,True,True,,False,FN
BenchmarkTest02452,sqli,89,False,True,,False,TN
BenchmarkTest02453,sqli,89,True,True,,False,FN
BenchmarkTest02454,sqli,89,True,True,,False,FN
BenchmarkTest02455,sqli,89,True,True,,False,FN
BenchmarkTest02456,sqli,89,False,True,,False,TN
BenchmarkTest02457,xpathi,643,False,False,,False,TN
BenchmarkTest02458,crypto,327,True,False,,False,FN
BenchmarkTest02459,crypto,327,False,False,,False,TN
BenchmarkTest02460,crypto,327,False,False,,False,TN
BenchmarkTest02461,crypto,327,False,False,,False,TN
BenchmarkTest02462,pathtraver,22,False,True,,False,TN
BenchmarkTest02463,pathtraver,22,True,True,,False,FN
BenchmarkTest02464,pathtraver,22,False,True,,False,TN
BenchmarkTest02465,pathtraver,22,True,True,,False,FN
BenchmarkTest02466,pathtraver,22,True,True,,False,FN
BenchmarkTest02467,pathtraver,22,False,True,,False,TN
BenchmarkTest02468,pathtraver,22,False,True,,False,TN
BenchmarkTest02469,pathtraver,22,True,True,,False,FN
BenchmarkTest02470,pathtraver,22,False,True,,False,TN
BenchmarkTest02471,pathtraver,22,False,True,,False,TN
BenchmarkTest02472,ldapi,90,True,False,,False,FN
BenchmarkTest02473,weakrand,330,True,False,,False,FN
BenchmarkTest02474,hash,328,True,False,,False,FN
BenchmarkTest02475,hash,328,True,False,,False,FN
BenchmarkTest02476,hash,328,True,False,,False,FN
BenchmarkTest02477,hash,328,False,False,,False,TN
BenchmarkTest02478,hash,328,True,False,,False,FN
BenchmarkTest02479,hash,328,False,False,,False,TN
BenchmarkTest02480,xss,79,True,True,,False,FN
BenchmarkTest02481,xss,79,False,True,,False,TN
BenchmarkTest02482,xss,79,False,True,,False,TN
BenchmarkTest02483,xss,79,True,True,,False,FN
BenchmarkTest02484,xss,79,False,True,,False,TN
BenchmarkTest02485,xss,79,False,True,,False,TN
BenchmarkTest02486,xss,79,True,True,,False,FN
BenchmarkTest02487,xss,79,True,True,,False,FN
BenchmarkTest02488,xss,79,False,True,,False,TN
BenchmarkTest02489,xss,79,True,True,,False,FN
BenchmarkTest02490,xss,79,False,True,,False,TN
BenchmarkTest02491,xss,79,False,True,,False,TN
BenchmarkTest02492,xss,79,False,True,,False,TN
BenchmarkTest02493,xss,79,True,True,,False,FN
BenchmarkTest02494,xss,79,True,True,,False,FN
BenchmarkTest02495,xss,79,False,True,,False,TN
BenchmarkTest02496,cmdi,78,True,True,,False,FN
BenchmarkTest02497,weakrand,330,True,False,,False,FN
BenchmarkTest02498,weakrand,330,True,False,,False,FN
BenchmarkTest02499,weakrand,330,True,False,,False,FN
BenchmarkTest02500,weakrand,330,True,False,,False,FN
BenchmarkTest02501,weakrand,330,True,False,,False,FN
BenchmarkTest02502,weakrand,330,True,False,,False,FN
BenchmarkTest02503,weakrand,330,True,False,,False,FN
BenchmarkTest02504,weakrand,330,True,False,,False,FN
BenchmarkTest02505,weakrand,330,True,False,,False,FN
BenchmarkTest02506,weakrand,330,True,False,,False,FN
BenchmarkTest02507,securecookie,614,True,False,,False,FN
BenchmarkTest02508,securecookie,614,False,False,,False,TN
BenchmarkTest02509,xss,79,False,True,,False,TN
BenchmarkTest02510,cmdi,78,False,True,,False,TN
BenchmarkTest02511,cmdi,78,True,True,,False,FN
BenchmarkTest02512,cmdi,78,True,True,,False,FN
BenchmarkTest02513,cmdi,78,False,True,,False,TN
BenchmarkTest02514,cmdi,78,True,True,,False,FN
BenchmarkTest02515,cmdi,78,True,True,,False,FN
BenchmarkTest02516,cmdi,78,True,True,,False,FN
BenchmarkTest02517,cmdi,78,True,True,,False,FN
BenchmarkTest02518,cmdi,78,False,True,,False,TN
BenchmarkTest02519,weakrand,330,False,False,,False,TN
BenchmarkTest02520,weakrand,330,False,False,,False,TN
BenchmarkTest02521,weakrand,330,False,False,,False,TN
BenchmarkTest02522,weakrand,330,False,False,,False,TN
BenchmarkTest02523,trustbound,501,False,False,,False,TN
BenchmarkTest02524,trustbound,501,True,False,,False,FN
BenchmarkTest02525,trustbound,501,True,False,,False,FN
BenchmarkTest02526,trustbound,501,True,False,,False,FN
BenchmarkTest02527,trustbound,501,True,False,,False,FN
BenchmarkTest02528,sqli,89,True,True,,False,FN
BenchmarkTest02529,sqli,89,False,True,,False,TN
BenchmarkTest02530,sqli,89,True,True,,False,FN
BenchmarkTest02531,sqli,89,True,True,,False,FN
BenchmarkTest02532,sqli,89,True,True,,False,FN
BenchmarkTest02533,sqli,89,True,True,,False,FN
BenchmarkTest02534,sqli,89,True,True,,False,FN
BenchmarkTest02535,sqli,89,True,True,,False,FN
BenchmarkTest02536,sqli,89,False,True,,False,TN
BenchmarkTest02537,sqli,89,True,True,,False,FN
BenchmarkTest02538,sqli,89,False,True,,False,TN
BenchmarkTest02539,sqli,89,False,True,,False,TN
BenchmarkTest02540,sqli,89,False,True,,False,TN
BenchmarkTest02541,sqli,89,False,True,,False,TN
BenchmarkTest02542,sqli,89,True,True,,False,FN
BenchmarkTest02543,sqli,89,True,True,,False,FN
BenchmarkTest02544,sqli,89,False,True,,False,TN
BenchmarkTest02545,sqli,89,True,True,,False,FN
BenchmarkTest02546,sqli,89,False,True,,False,TN
BenchmarkTest02547,crypto,327,False,False,,False,TN
BenchmarkTest02548,crypto,327,True,False,,False,FN
BenchmarkTest02549,crypto,327,True,False,,False,FN
BenchmarkTest02550,crypto,327,True,False,,False,FN
BenchmarkTest02551,crypto,327,False,False,,False,TN
BenchmarkTest02552,crypto,327,False,False,,False,TN
BenchmarkTest02553,ldapi,90,False,False,,False,TN
BenchmarkTest02554,pathtraver,22,False,True,,False,TN
BenchmarkTest02555,pathtraver,22,True,True,,False,FN
BenchmarkTest02556,pathtraver,22,True,True,,False,FN
BenchmarkTest02557,pathtraver,22,False,True,,False,TN
BenchmarkTest02558,pathtraver,22,False,True,,False,TN
BenchmarkTest02559,pathtraver,22,True,True,,False,FN
BenchmarkTest02560,pathtraver,22,True,True,,False,FN
BenchmarkTest02561,pathtraver,22,True,True,,False,FN
BenchmarkTest02562,pathtraver,22,True,True,,False,FN
BenchmarkTest02563,pathtraver,22,False,True,,False,TN
BenchmarkTest02564,pathtraver,22,True,True,,False,FN
BenchmarkTest02565,pathtraver,22,True,True,,False,FN
BenchmarkTest02566,pathtraver,22,False,True,,False,TN
BenchmarkTest02567,pathtraver,22,True,True,,False,FN
BenchmarkTest02568,pathtraver,22,False,True,,False,TN
BenchmarkTest02569,pathtraver,22,True,True,,False,FN
BenchmarkTest02570,pathtraver,22,False,True,,False,TN
BenchmarkTest02571,ldapi,90,False,False,,False,TN
BenchmarkTest02572,ldapi,90,False,False,,False,TN
BenchmarkTest02573,hash,328,True,False,,False,FN
BenchmarkTest02574,hash,328,True,False,,False,FN
BenchmarkTest02575,hash,328,True,False,,False,FN
BenchmarkTest02576,hash,328,False,False,,False,TN
BenchmarkTest02577,hash,328,True,False,,False,FN
BenchmarkTest02578,xss,79,True,True,,False,FN
BenchmarkTest02579,xss,79,True,True,,False,FN
BenchmarkTest02580,xss,79,True,True,,False,FN
BenchmarkTest02581,xss,79,False,True,,False,TN
BenchmarkTest02582,xss,79,True,True,,False,FN
BenchmarkTest02583,xss,79,True,True,,False,FN
BenchmarkTest02584,xss,79,True,True,,False,FN
BenchmarkTest02585,xss,79,True,True,,False,FN
BenchmarkTest02586,xss,79,True,True,,False,FN
BenchmarkTest02587,xss,79,True,True,,False,FN
BenchmarkTest02588,xss,79,True,True,,False,FN
BenchmarkTest02589,xss,79,False,True,,False,TN
BenchmarkTest02590,xss,79,False,True,,False,TN
BenchmarkTest02591,xss,79,True,True,,False,FN
BenchmarkTest02592,xss,79,True,True,,False,FN
BenchmarkTest02593,xss,79,False,True,,False,TN
BenchmarkTest02594,xss,79,False,True,,False,TN
BenchmarkTest02595,xss,79,True,True,,False,FN
BenchmarkTest02596,xss,79,False,True,,False,TN
BenchmarkTest02597,xss,79,True,True,,False,FN
BenchmarkTest02598,xss,79,True,True,,False,FN
BenchmarkTest02599,xss,79,False,True,,False,TN
BenchmarkTest02600,xss,79,True,True,,False,FN
BenchmarkTest02601,xss,79,False,True,,False,TN
BenchmarkTest02602,weakrand,330,True,False,,False,FN
BenchmarkTest02603,weakrand,330,True,False,,False,FN
BenchmarkTest02604,weakrand,330,True,False,,False,FN
BenchmarkTest02605,weakrand,330,True,False,,False,FN
BenchmarkTest02606,weakrand,330,True,False,,False,FN
BenchmarkTest02607,securecookie,614,False,False,,False,TN
BenchmarkTest02608,xss,79,True,True,,False,FN
BenchmarkTest02609,xss,79,False,True,,False,TN
BenchmarkTest02610,cmdi,78,False,True,,False,TN
BenchmarkTest02611,cmdi,78,True,True,,False,FN
BenchmarkTest02612,cmdi,78,True,True,,False,FN
BenchmarkTest02613,cmdi,78,True,True,,False,FN
BenchmarkTest02614,weakrand,330,False,False,,False,TN
BenchmarkTest02615,weakrand,330,False,False,,False,TN
BenchmarkTest02616,weakrand,330,False,False,,False,TN
BenchmarkTest02617,weakrand,330,False,False,,False,TN
BenchmarkTest02618,weakrand,330,False,False,,False,TN
BenchmarkTest02619,weakrand,330,False,False,,False,TN
BenchmarkTest02620,weakrand,330,False,False,,False,TN
BenchmarkTest02621,weakrand,330,False,False,,False,TN
BenchmarkTest02622,trustbound,501,True,False,,False,FN
BenchmarkTest02623,trustbound,501,True,False,,False,FN
BenchmarkTest02624,trustbound,501,True,False,,False,FN
BenchmarkTest02625,sqli,89,True,True,,False,FN
BenchmarkTest02626,sqli,89,False,True,,False,TN
BenchmarkTest02627,sqli,89,True,True,,False,FN
BenchmarkTest02628,sqli,89,True,True,,False,FN
BenchmarkTest02629,sqli,89,False,True,,False,TN
BenchmarkTest02630,sqli,89,True,True,,False,FN
BenchmarkTest02631,sqli,89,False,True,,False,TN
BenchmarkTest02632,sqli,89,True,True,,False,FN
BenchmarkTest02633,sqli,89,False,True,,False,TN
BenchmarkTest02634,sqli,89,False,True,,False,TN
BenchmarkTest02635,sqli,89,True,True,,False,FN
BenchmarkTest02636,sqli,89,False,True,,False,TN
BenchmarkTest02637,sqli,89,False,True,,False,TN
BenchmarkTest02638,sqli,89,True,True,,False,FN
BenchmarkTest02639,sqli,89,False,True,,False,TN
BenchmarkTest02640,sqli,89,False,True,,False,TN
BenchmarkTest02641,sqli,89,True,True,,False,FN
BenchmarkTest02642,sqli,89,True,True,,False,FN
BenchmarkTest02643,sqli,89,True,True,,False,FN
BenchmarkTest02644,sqli,89,True,True,,False,FN
BenchmarkTest02645,sqli,89,True,True,,False,FN
BenchmarkTest02646,sqli,89,True,True,,False,FN
BenchmarkTest02647,sqli,89,True,True,,False,FN
BenchmarkTest02648,sqli,89,False,True,,False,TN
BenchmarkTest02649,sqli,89,True,True,,False,FN
BenchmarkTest02650,sqli,89,True,True,,False,FN
BenchmarkTest02651,sqli,89,True,True,,False,FN
BenchmarkTest02652,sqli,89,False,True,,False,TN
BenchmarkTest02653,sqli,89,True,True,,False,FN
BenchmarkTest02654,sqli,89,True,True,,False,FN
BenchmarkTest02655,sqli,89,True,True,,False,FN
BenchmarkTest02656,sqli,89,True,True,,False,FN
BenchmarkTest02657,sqli,89,False,True,,False,TN
BenchmarkTest02658,crypto,327,True,False,,False,FN
BenchmarkTest02659,crypto,327,False,False,,False,TN
BenchmarkTest02660,crypto,327,True,False,,False,FN
BenchmarkTest02661,crypto,327,True,False,,False,FN
BenchmarkTest02662,crypto,327,False,False,,False,TN
BenchmarkTest02663,crypto,327,True,False,,False,FN
BenchmarkTest02664,pathtraver,22,False,True,,False,TN
BenchmarkTest02665,pathtraver,22,False,True,,False,TN
BenchmarkTest02666,pathtraver,22,False,True,,False,TN
BenchmarkTest02667,pathtraver,22,False,True,,False,TN
BenchmarkTest02668,pathtraver,22,False,True,,False,TN
BenchmarkTest02669,pathtraver,22,False,True,,False,TN
BenchmarkTest02670,hash,328,True,False,,False,FN
BenchmarkTest02671,hash,328,True,False,,False,FN
BenchmarkTest02672,hash,328,False,False,,False,TN
BenchmarkTest02673,hash,328,False,False,,False,TN
BenchmarkTest02674,hash,328,True,False,,False,FN
BenchmarkTest02675,hash,328,True,False,,False,FN
BenchmarkTest02676,hash,328,False,False,,False,TN
BenchmarkTest02677,hash,328,True,False,,False,FN
BenchmarkTest02678,hash,328,False,False,,False,TN
BenchmarkTest02679,xss,79,False,True,,False,TN
BenchmarkTest02680,xss,79,False,True,,False,TN
BenchmarkTest02681,xss,79,False,True,,False,TN
BenchmarkTest02682,xss,79,False,True,,False,TN
BenchmarkTest02683,xss,79,False,True,,False,TN
BenchmarkTest02684,xss,79,False,True,,False,TN
BenchmarkTest02685,xss,79,False,True,,False,TN
BenchmarkTest02686,xss,79,False,True,,False,TN
BenchmarkTest02687,xss,79,False,True,,False,TN
BenchmarkTest02688,xss,79,False,True,,False,TN
BenchmarkTest02689,xss,79,False,True,,False,TN
BenchmarkTest02690,xss,79,False,True,,False,TN
BenchmarkTest02691,xss,79,False,True,,False,TN
BenchmarkTest02692,xss,79,False,True,,False,TN
BenchmarkTest02693,xss,79,False,True,,False,TN
BenchmarkTest02694,xss,79,False,True,,False,TN
BenchmarkTest02695,xss,79,False,True,,False,TN
BenchmarkTest02696,xss,79,False,True,,False,TN
BenchmarkTest02697,cmdi,78,False,True,,False,TN
BenchmarkTest02698,cmdi,78,False,True,,False,TN
BenchmarkTest02699,cmdi,78,False,True,,False,TN
BenchmarkTest02700,weakrand,330,True,False,,False,FN
BenchmarkTest02701,weakrand,330,True,False,,False,FN
BenchmarkTest02702,weakrand,330,True,False,,False,FN
BenchmarkTest02703,weakrand,330,True,False,,False,FN
BenchmarkTest02704,weakrand,330,True,False,,False,FN
BenchmarkTest02705,weakrand,330,True,False,,False,FN
BenchmarkTest02706,weakrand,330,True,False,,False,FN
BenchmarkTest02707,weakrand,330,True,False,,False,FN
BenchmarkTest02708,weakrand,330,True,False,,False,FN
BenchmarkTest02709,securecookie,614,True,False,,False,FN
BenchmarkTest02710,securecookie,614,True,False,,False,FN
BenchmarkTest02711,securecookie,614,False,False,,False,TN
BenchmarkTest02712,xss,79,False,True,,False,TN
BenchmarkTest02713,cmdi,78,False,True,,False,TN
BenchmarkTest02714,cmdi,78,False,True,,False,TN
BenchmarkTest02715,weakrand,330,False,False,,False,TN
BenchmarkTest02716,weakrand,330,False,False,,False,TN
BenchmarkTest02717,weakrand,330,False,False,,False,TN
BenchmarkTest02718,weakrand,330,False,False,,False,TN
BenchmarkTest02719,weakrand,330,False,False,,False,TN
BenchmarkTest02720,weakrand,330,False,False,,False,TN
BenchmarkTest02721,weakrand,330,False,False,,False,TN
BenchmarkTest02722,trustbound,501,False,False,,False,TN
BenchmarkTest02723,trustbound,501,False,False,,False,TN
BenchmarkTest02724,trustbound,501,False,False,,False,TN
BenchmarkTest02725,trustbound,501,False,False,,False,TN
BenchmarkTest02726,trustbound,501,False,False,,False,TN
BenchmarkTest02727,sqli,89,False,True,,False,TN
BenchmarkTest02728,sqli,89,False,True,,False,TN
BenchmarkTest02729,sqli,89,False,True,,False,TN
BenchmarkTest02730,sqli,89,False,True,,False,TN
BenchmarkTest02731,sqli,89,False,True,,False,TN
BenchmarkTest02732,sqli,89,False,True,,False,TN
BenchmarkTest02733,sqli,89,False,True,,False,TN
BenchmarkTest02734,sqli,89,False,True,,False,TN
BenchmarkTest02735,sqli,89,False,True,,False,TN
BenchmarkTest02736,sqli,89,False,True,,False,TN
BenchmarkTest02737,sqli,89,False,True,,False,TN
BenchmarkTest02738,sqli,89,False,True,,False,TN
BenchmarkTest02739,sqli,89,False,True,,False,TN
BenchmarkTest02740,sqli,89,False,True,,False,TN
